genbank_accession,file,path,IG_TR_gene_mapped,IG_TR_gene_percentage,IG_TR_gene_total,IG_TR_pseudogene_mapped,IG_TR_pseudogene_percentage,IG_TR_pseudogene_total,TEC_mapped,TEC_percentage,TEC_total,artifact_mapped,artifact_percentage,artifact_total,lncRNA_mapped,lncRNA_percentage,lncRNA_total,miRNA_mapped,miRNA_percentage,miRNA_total,misc_RNA_mapped,misc_RNA_percentage,misc_RNA_total,processed_pseudogene_mapped,processed_pseudogene_percentage,processed_pseudogene_total,protein_coding_mapped,protein_coding_percentage,protein_coding_total,pseudogene_mapped,pseudogene_percentage,pseudogene_total,rRNA_mapped,rRNA_percentage,rRNA_pseudogene_mapped,rRNA_pseudogene_percentage,rRNA_pseudogene_total,rRNA_total,ribozyme_mapped,ribozyme_percentage,ribozyme_total,sRNA_mapped,sRNA_percentage,sRNA_total,scRNA_mapped,scRNA_percentage,scRNA_total,scaRNA_mapped,scaRNA_percentage,scaRNA_total,snRNA_mapped,snRNA_percentage,snRNA_total,snoRNA_mapped,snoRNA_percentage,snoRNA_total,unitary_pseudogene_mapped,unitary_pseudogene_percentage,unitary_pseudogene_total,unprocessed_pseudogene_mapped,unprocessed_pseudogene_percentage,unprocessed_pseudogene_total,vault_RNA_mapped,vault_RNA_percentage,vault_RNA_total
GCA_41900255.1,GCA_041900255.1_mapping_stats.mapping_stats.txt,/hps/nobackup/flicek/ensembl/genebuild/ftricomi//hprc/hprc2_gb67/GCA_041900255.1/GCA_041900255.1_mapping_stats.mapping_stats.txt,385,93.67,411,233,98.31,237,1014,99.61,1018,7,36.84,19,34412,99.5,34584,1862,99.2,1877,2197,99.46,2209,10450,99.46,10507,19304,99.6,19381,4,100,4,52,98.11,489,100,489,53,8,100,8,5,100,5,1,100,1,49,100,49,1879,99.26,1893,936,99.68,939,259,100,259,3234,97.67,3311,4,100,4
GCA_41900365.1,GCA_041900365.1_mapping_stats.mapping_stats.txt,/hps/nobackup/flicek/ensembl/genebuild/ftricomi//hprc/hprc2_gb67/GCA_041900365.1/GCA_041900365.1_mapping_stats.mapping_stats.txt,398,96.84,411,229,96.62,237,1016,99.8,1018,7,36.84,19,34447,99.6,34584,1867,99.47,1877,2203,99.73,2209,10464,99.59,10507,19331,99.74,19381,4,100,4,52,98.11,489,100,489,53,8,100,8,5,100,5,1,100,1,49,100,49,1876,99.1,1893,937,99.79,939,259,100,259,3261,98.49,3311,4,100,4
GCA_41900145.1,GCA_041900145.1_mapping_stats.mapping_stats.txt,/hps/nobackup/flicek/ensembl/genebuild/ftricomi//hprc/v2_missing_stats/GCA_041900145.1_mapping_stats.mapping_stats.txt,377,91.73,411,230,97.05,237,1001,99.8,1003,7,36.84,19,33769,99.51,33935,1748,99.26,1761,2107,99.53,2117,9876,99.42,9934,18524,99.63,18592,3,75,4,50,98.04,476,99.79,477,51,8,100,8,5,100,5,1,100,1,48,100,48,1804,98.8,1826,892,99.55,896,250,100,250,3330,97.51,3415,4,100,4
GCA_41900235.1,GCA_041900235.1_mapping_stats.mapping_stats.txt,/hps/nobackup/flicek/ensembl/genebuild/ftricomi//hprc/v2_missing_stats/GCA_041900235.1_mapping_stats.mapping_stats.txt,393,95.62,411,231,97.47,237,1002,99.9,1003,7,36.84,19,33767,99.5,33935,1749,99.32,1761,2099,99.15,2117,9879,99.45,9934,18528,99.66,18592,4,100,4,50,98.04,475,99.58,477,51,8,100,8,5,100,5,1,100,1,48,100,48,1805,98.85,1826,894,99.78,896,250,100,250,3331,97.54,3415,4,100,4
GCA_41900165.1,GCA_041900165.1_mapping_stats.mapping_stats.txt,/hps/nobackup/flicek/ensembl/genebuild/ftricomi/hprc/v2_missing_stats/GCA_041900165.1_mapping_stats.mapping_stats.txt,,,,,,,,,,,,,,,,,,,,,,,,,,,,,,,,,,,,,,,,,,,,,,,,,,,,,,,,,,,,,,,
GCA_41900085.1,GCA_041900085.1_mapping_stats.mapping_stats.txt,/hps/nobackup/flicek/ensembl/genebuild/jackt/hprc/hprc2_gb23_production/GCA_041900085.1/GCA_041900085.1_mapping_stats.mapping_stats.txt,378,91.97,411,227,95.78,237,999,99.6,1003,7,36.84,19,33791,99.58,33935,1750,99.38,1761,2104,99.39,2117,9879,99.45,9934,18521,99.62,18592,4,100,4,49,96.08,476,99.79,477,51,8,100,8,5,100,5,1,100,1,47,97.92,48,1803,98.74,1826,893,99.67,896,250,100,250,3346,97.98,3415,4,100,4
GCA_41899985.1,GCA_041899985.1_mapping_stats.mapping_stats.txt,/hps/nobackup/flicek/ensembl/genebuild/jackt/hprc/hprc2_gb23_production/GCA_041899985.1/GCA_041899985.1_mapping_stats.mapping_stats.txt,339,82.48,411,212,89.45,237,1000,99.7,1003,7,36.84,19,33802,99.61,33935,1748,99.26,1761,2105,99.43,2117,9880,99.46,9934,18538,99.71,18592,2,50,4,50,98.04,475,99.58,477,51,8,100,8,5,100,5,1,100,1,48,100,48,1809,99.07,1826,894,99.78,896,250,100,250,3336,97.69,3415,4,100,4
GCA_41899975.1,GCA_041899975.1_mapping_stats.mapping_stats.txt,/hps/nobackup/flicek/ensembl/genebuild/ftricomi//hprc/v2_missing_stats/GCA_041899975.1_mapping_stats.mapping_stats.txt,373,90.75,411,227,95.78,237,1001,99.8,1003,7,36.84,19,33762,99.49,33935,1750,99.38,1761,2106,99.48,2117,9856,99.21,9934,18521,99.62,18592,4,100,4,50,98.04,477,100,477,51,8,100,8,5,100,5,1,100,1,48,100,48,1799,98.52,1826,893,99.67,896,250,100,250,3329,97.48,3415,4,100,4
GCA_41899965.1,GCA_041899965.1_mapping_stats.mapping_stats.txt,/hps/nobackup/flicek/ensembl/genebuild/ftricomi//hprc/hprc2_gb67/GCA_041899965.1/GCA_041899965.1_mapping_stats.mapping_stats.txt,376,91.48,411,233,98.31,237,1018,100,1018,8,42.11,19,34427,99.55,34584,1866,99.41,1877,2190,99.14,2209,10436,99.32,10507,19295,99.56,19381,4,100,4,52,98.11,488,99.8,489,53,8,100,8,5,100,5,1,100,1,48,97.96,49,1876,99.1,1893,937,99.79,939,258,99.61,259,3237,97.77,3311,4,100,4
GCA_46000135.1,GCA_046000135.1_mapping_stats.mapping_stats.txt,/hps/nobackup/flicek/ensembl/genebuild/jackt/hprc/hprc2_gb23_production/GCA_046000135.1/GCA_046000135.1_mapping_stats.mapping_stats.txt,400,97.32,411,233,98.31,237,1016,99.8,1018,7,36.84,19,34436,99.57,34584,1865,99.36,1877,2197,99.46,2209,10452,99.48,10507,19311,99.64,19381,4,100,4,53,100,487,99.59,489,53,8,100,8,5,100,5,1,100,1,48,97.96,49,1872,98.89,1893,937,99.79,939,258,99.61,259,3235,97.7,3311,4,100,4
GCA_46000095.1,GCA_046000095.1_mapping_stats.mapping_stats.txt,/hps/nobackup/flicek/ensembl/genebuild/jackt/hprc/hprc2_gb23_production/GCA_046000095.1/GCA_046000095.1_mapping_stats.mapping_stats.txt,407,99.03,411,232,97.89,237,999,99.6,1003,7,36.84,19,33768,99.51,33935,1750,99.38,1761,2104,99.39,2117,9888,99.54,9934,18536,99.7,18592,4,100,4,51,100,476,99.79,477,51,8,100,8,5,100,5,1,100,1,48,100,48,1808,99.01,1826,893,99.67,896,250,100,250,3335,97.66,3415,4,100,4
GCA_46000115.1,GCA_046000115.1_mapping_stats.mapping_stats.txt,/hps/nobackup/flicek/ensembl/genebuild/jackt/hprc/hprc2_gb23_production/GCA_046000115.1/GCA_046000115.1_mapping_stats.mapping_stats.txt,316,76.89,411,153,64.56,237,1000,99.7,1003,7,36.84,19,33773,99.52,33935,1744,99.03,1761,2102,99.29,2117,9874,99.4,9934,18530,99.67,18592,4,100,4,49,96.08,476,99.79,477,51,8,100,8,5,100,5,1,100,1,48,100,48,1810,99.12,1826,896,100,896,250,100,250,3340,97.8,3415,3,75,4
GCA_46000005.1,GCA_046000005.1_mapping_stats.mapping_stats.txt,/hps/nobackup/flicek/ensembl/genebuild/jackt/hprc/hprc2_gb23_production/GCA_046000005.1/GCA_046000005.1_mapping_stats.mapping_stats.txt,376,91.48,411,223,94.09,237,989,98.6,1003,7,36.84,19,33675,99.23,33935,1749,99.32,1761,2102,99.29,2117,9847,99.12,9934,18446,99.21,18592,4,100,4,50,98.04,476,99.79,477,51,8,100,8,5,100,5,1,100,1,48,100,48,1809,99.07,1826,893,99.67,896,245,98,250,3304,96.75,3415,4,100,4
GCA_46000145.1,GCA_046000145.1_mapping_stats.mapping_stats.txt,/hps/nobackup/flicek/ensembl/genebuild/jackt/hprc/hprc2_gb23_production/GCA_046000145.1/GCA_046000145.1_mapping_stats.mapping_stats.txt,405,98.54,411,232,97.89,237,1003,100,1003,7,36.84,19,33789,99.57,33935,1754,99.6,1761,2102,99.29,2117,9885,99.51,9934,18514,99.58,18592,4,100,4,50,98.04,476,99.79,477,51,8,100,8,5,100,5,1,100,1,48,100,48,1811,99.18,1826,895,99.89,896,250,100,250,3322,97.28,3415,4,100,4
GCA_18852595.2,GCA_018852595.2_mapping_stats.mapping_stats.txt,/hps/nobackup/flicek/ensembl/genebuild/jackt/hprc/hprc2_gb23_production/GCA_018852595.2/GCA_018852595.2_mapping_stats.mapping_stats.txt,360,87.59,411,229,96.62,237,999,99.6,1003,7,36.84,19,33777,99.53,33935,1750,99.38,1761,2097,99.06,2117,9874,99.4,9934,18518,99.6,18592,4,100,4,49,96.08,476,99.79,477,51,8,100,8,5,100,5,1,100,1,47,97.92,48,1815,99.4,1826,895,99.89,896,250,100,250,3335,97.66,3415,4,100,4
GCA_42027545.1,GCA_042027545.1_mapping_stats.mapping_stats.txt,/hps/nobackup/flicek/ensembl/genebuild/ftricomi//hprc/hprc2_gb67/GCA_042027545.1/GCA_042027545.1_mapping_stats.mapping_stats.txt,372,90.51,411,228,96.2,237,1002,99.9,1003,7,36.84,19,33769,99.51,33935,1748,99.26,1761,2103,99.34,2117,9863,99.29,9934,18493,99.47,18592,4,100,4,50,98.04,475,99.58,477,51,8,100,8,5,100,5,1,100,1,47,97.92,48,1814,99.34,1826,894,99.78,896,250,100,250,3348,98.04,3415,4,100,4
GCA_42028805.1,GCA_042028805.1_mapping_stats.mapping_stats.txt,/hps/nobackup/flicek/ensembl/genebuild/ftricomi//hprc/hprc2_gb67/GCA_042028805.1/GCA_042028805.1_mapping_stats.mapping_stats.txt,342,83.21,411,210,88.61,237,1001,99.8,1003,7,36.84,19,33794,99.58,33935,1753,99.55,1761,2106,99.48,2117,9883,99.49,9934,18529,99.66,18592,4,100,4,49,96.08,477,100,477,51,8,100,8,5,100,5,1,100,1,48,100,48,1805,98.85,1826,895,99.89,896,249,99.6,250,3352,98.16,3415,4,100,4
GCA_42028835.1,GCA_042028835.1_mapping_stats.mapping_stats.txt,/hps/nobackup/flicek/ensembl/genebuild/ftricomi//hprc/v2_missing_stats/GCA_042028835.1_mapping_stats.mapping_stats.txt,379,92.21,411,231,97.47,237,1002,99.9,1003,7,36.84,19,33759,99.48,33935,1749,99.32,1761,2105,99.43,2117,9885,99.51,9934,18521,99.62,18592,3,75,4,48,94.12,476,99.79,477,51,8,100,8,5,100,5,1,100,1,46,95.83,48,1809,99.07,1826,895,99.89,896,249,99.6,250,3336,97.69,3415,4,100,4
GCA_42027475.1,GCA_042027475.1_mapping_stats.mapping_stats.txt,/hps/nobackup/flicek/ensembl/genebuild/ftricomi//hprc/v2_missing_stats/GCA_042027475.1_mapping_stats.mapping_stats.txt,400,97.32,411,233,98.31,237,1002,99.9,1003,7,36.84,19,33761,99.49,33935,1752,99.49,1761,2103,99.34,2117,9876,99.42,9934,18524,99.63,18592,4,100,4,50,98.04,475,99.58,477,51,8,100,8,5,100,5,1,100,1,48,100,48,1799,98.52,1826,894,99.78,896,250,100,250,3330,97.51,3415,4,100,4
GCA_42029915.1,GCA_042029915.1_mapping_stats.mapping_stats.txt,/hps/nobackup/flicek/ensembl/genebuild/ftricomi//hprc/v2_missing_stats/GCA_042029915.1_mapping_stats.mapping_stats.txt,316,76.89,411,153,64.56,237,1001,99.8,1003,7,36.84,19,33757,99.48,33935,1749,99.32,1761,2105,99.43,2117,9890,99.56,9934,18535,99.69,18592,4,100,4,50,98.04,476,99.79,477,51,8,100,8,5,100,5,1,100,1,47,97.92,48,1810,99.12,1826,896,100,896,249,99.6,250,3350,98.1,3415,4,100,4
GCA_42028795.1,GCA_042028795.1_mapping_stats.mapping_stats.txt,/hps/nobackup/flicek/ensembl/genebuild/ftricomi//hprc/v2_missing_stats/GCA_042028795.1_mapping_stats.mapping_stats.txt,341,82.97,411,210,88.61,237,1018,100,1018,7,36.84,19,34428,99.55,34584,1861,99.15,1877,2195,99.37,2209,10460,99.55,10507,19303,99.6,19381,4,100,4,53,100,488,99.8,489,53,8,100,8,5,100,5,1,100,1,48,97.96,49,1876,99.1,1893,938,99.89,939,258,99.61,259,3221,97.28,3311,4,100,4
GCA_42028645.1,GCA_042028645.1_mapping_stats.mapping_stats.txt,/hps/nobackup/flicek/ensembl/genebuild/ftricomi//hprc/v2_missing_stats/GCA_042028645.1_mapping_stats.mapping_stats.txt,382,92.94,411,227,95.78,237,1002,99.9,1003,7,36.84,19,33757,99.48,33935,1745,99.09,1761,2107,99.53,2117,9879,99.45,9934,18522,99.62,18592,4,100,4,50,98.04,476,99.79,477,51,8,100,8,5,100,5,1,100,1,48,100,48,1804,98.8,1826,895,99.89,896,249,99.6,250,3341,97.83,3415,4,100,4
GCA_42027595.1,GCA_042027595.1_mapping_stats.mapping_stats.txt,/hps/nobackup/flicek/ensembl/genebuild/ftricomi//hprc/v2_missing_stats/GCA_042027595.1_mapping_stats.mapping_stats.txt,388,94.4,411,229,96.62,237,1016,99.8,1018,7,36.84,19,34421,99.53,34584,1863,99.25,1877,2195,99.37,2209,10446,99.42,10507,19291,99.54,19381,4,100,4,52,98.11,487,99.59,489,53,8,100,8,5,100,5,1,100,1,49,100,49,1869,98.73,1893,936,99.68,939,258,99.61,259,3227,97.46,3311,4,100,4
GCA_42028275.1,GCA_042028275.1_mapping_stats.mapping_stats.txt,/hps/nobackup/flicek/ensembl/genebuild/ftricomi//hprc/v2_missing_stats/GCA_042028275.1_mapping_stats.mapping_stats.txt,351,85.4,411,221,93.25,237,1014,99.61,1018,7,36.84,19,34425,99.54,34584,1865,99.36,1877,2192,99.23,2209,10439,99.35,10507,19312,99.64,19381,3,75,4,52,98.11,486,99.39,489,53,8,100,8,5,100,5,1,100,1,49,100,49,1880,99.31,1893,937,99.79,939,258,99.61,259,3240,97.86,3311,4,100,4
GCA_42027505.1,GCA_042027505.1_mapping_stats.mapping_stats.txt,/hps/nobackup/flicek/ensembl/genebuild/ftricomi//hprc/v2_missing_stats/GCA_042027505.1_mapping_stats.mapping_stats.txt,380,92.46,411,216,91.14,237,1017,99.9,1018,7,36.84,19,34418,99.52,34584,1865,99.36,1877,2202,99.68,2209,10433,99.3,10507,19304,99.6,19381,4,100,4,53,100,488,99.8,489,53,8,100,8,5,100,5,1,100,1,49,100,49,1870,98.78,1893,937,99.79,939,258,99.61,259,3222,97.31,3311,4,100,4
GCA_42028705.1,GCA_042028705.1_mapping_stats.mapping_stats.txt,/hps/nobackup/flicek/ensembl/genebuild/jackt/hprc/hprc2_gb23_production/GCA_042028705.1/GCA_042028705.1_mapping_stats.mapping_stats.txt,365,88.81,411,222,93.67,237,1016,99.8,1018,7,36.84,19,34428,99.55,34584,1862,99.2,1877,2194,99.32,2209,10449,99.45,10507,19316,99.66,19381,4,100,4,52,98.11,487,99.59,489,53,8,100,8,5,100,5,1,100,1,49,100,49,1875,99.05,1893,938,99.89,939,259,100,259,3239,97.83,3311,4,100,4
GCA_42027455.1,GCA_042027455.1_mapping_stats.mapping_stats.txt,/hps/nobackup/flicek/ensembl/genebuild/ftricomi//hprc/v2_missing_stats/GCA_042027455.1_mapping_stats.mapping_stats.txt,388,94.4,411,228,96.2,237,1015,99.71,1018,7,36.84,19,34428,99.55,34584,1868,99.52,1877,2201,99.64,2209,10461,99.56,10507,19321,99.69,19381,3,75,4,52,98.11,489,100,489,53,8,100,8,5,100,5,1,100,1,49,100,49,1872,98.89,1893,939,100,939,259,100,259,3248,98.1,3311,4,100,4
GCA_42030215.1,GCA_042030215.1_mapping_stats.mapping_stats.txt,/hps/nobackup/flicek/ensembl/genebuild/ftricomi//hprc/v2_missing_stats/GCA_042030215.1_mapping_stats.mapping_stats.txt,352,85.64,411,217,91.56,237,999,99.6,1003,7,36.84,19,33756,99.47,33935,1756,99.72,1761,2107,99.53,2117,9887,99.53,9934,18517,99.6,18592,4,100,4,49,96.08,476,99.79,477,51,8,100,8,5,100,5,1,100,1,47,97.92,48,1795,98.3,1826,895,99.89,896,249,99.6,250,3359,98.36,3415,4,100,4
GCA_42030135.1,GCA_042030135.1_mapping_stats.mapping_stats.txt,/hps/nobackup/flicek/ensembl/genebuild/ftricomi//hprc/v2_missing_stats/GCA_042030135.1_mapping_stats.mapping_stats.txt,386,93.92,411,230,97.05,237,1001,99.8,1003,7,36.84,19,33779,99.54,33935,1751,99.43,1761,2101,99.24,2117,9886,99.52,9934,18520,99.61,18592,4,100,4,51,100,476,99.79,477,51,8,100,8,5,100,5,1,100,1,47,97.92,48,1805,98.85,1826,894,99.78,896,250,100,250,3334,97.63,3415,4,100,4
GCA_42030125.1,GCA_042030125.1_mapping_stats.mapping_stats.txt,/hps/nobackup/flicek/ensembl/genebuild/jackt/hprc/hprc2_gb23_production/GCA_042030125.1/GCA_042030125.1_mapping_stats.mapping_stats.txt,312,75.91,411,150,63.29,237,1000,99.7,1003,7,36.84,19,33745,99.44,33935,1751,99.43,1761,2104,99.39,2117,9870,99.36,9934,18514,99.58,18592,4,100,4,49,96.08,475,99.58,477,51,8,100,8,5,100,5,1,100,1,48,100,48,1805,98.85,1826,895,99.89,896,250,100,250,3345,97.95,3415,4,100,4
GCA_42027485.1,GCA_042027485.1_mapping_stats.mapping_stats.txt,/hps/nobackup/flicek/ensembl/genebuild/ftricomi//hprc/v2_missing_stats/GCA_042027485.1_mapping_stats.mapping_stats.txt,401,97.57,411,232,97.89,237,1016,99.8,1018,7,36.84,19,34399,99.47,34584,1865,99.36,1877,2199,99.55,2209,10442,99.38,10507,19320,99.69,19381,4,100,4,51,96.23,488,99.8,489,53,8,100,8,5,100,5,1,100,1,49,100,49,1879,99.26,1893,938,99.89,939,259,100,259,3214,97.07,3311,4,100,4
GCA_42027495.1,GCA_042027495.1_mapping_stats.mapping_stats.txt,/hps/nobackup/flicek/ensembl/genebuild/jackt/hprc/hprc2_gb23_production/GCA_042027495.1/GCA_042027495.1_mapping_stats.mapping_stats.txt,350,85.16,411,208,87.76,237,1016,99.8,1018,7,36.84,19,34432,99.56,34584,1863,99.25,1877,2195,99.37,2209,10453,99.49,10507,19301,99.59,19381,4,100,4,52,98.11,488,99.8,489,53,8,100,8,5,100,5,1,100,1,49,100,49,1875,99.05,1893,937,99.79,939,258,99.61,259,3234,97.67,3311,4,100,4
GCA_42028475.1,GCA_042028475.1_mapping_stats.mapping_stats.txt,/hps/nobackup/flicek/ensembl/genebuild/ftricomi//hprc/v2_missing_stats/GCA_042028475.1_mapping_stats.mapping_stats.txt,391,95.13,411,234,98.73,237,1014,99.61,1018,7,36.84,19,34435,99.57,34584,1869,99.57,1877,2196,99.41,2209,10456,99.51,10507,19302,99.59,19381,4,100,4,53,100,487,99.59,489,53,8,100,8,5,100,5,1,100,1,49,100,49,1870,98.78,1893,937,99.79,939,258,99.61,259,3228,97.49,3311,3,75,4
GCA_42027135.1,GCA_042027135.1_mapping_stats.mapping_stats.txt,/hps/nobackup/flicek/ensembl/genebuild/ftricomi//hprc/v2_missing_stats/GCA_042027135.1_mapping_stats.mapping_stats.txt,341,82.97,411,212,89.45,237,1017,99.9,1018,7,36.84,19,34405,99.48,34584,1867,99.47,1877,2195,99.37,2209,10439,99.35,10507,19302,99.59,19381,4,100,4,51,96.23,488,99.8,489,53,8,100,8,5,100,5,1,100,1,49,100,49,1879,99.26,1893,935,99.57,939,259,100,259,3208,96.89,3311,4,100,4
GCA_42030115.1,GCA_042030115.1_mapping_stats.mapping_stats.txt,/hps/nobackup/flicek/ensembl/genebuild/jackt/hprc/hprc2_gb23_production/GCA_042030115.1/GCA_042030115.1_mapping_stats.mapping_stats.txt,353,85.89,411,208,87.76,237,1016,99.8,1018,7,36.84,19,34435,99.57,34584,1866,99.41,1877,2194,99.32,2209,10454,99.5,10507,19292,99.54,19381,4,100,4,53,100,488,99.8,489,53,8,100,8,5,100,5,1,100,1,48,97.96,49,1874,99,1893,937,99.79,939,259,100,259,3242,97.92,3311,4,100,4
GCA_42029935.1,GCA_042029935.1_mapping_stats.mapping_stats.txt,/hps/nobackup/flicek/ensembl/genebuild/ftricomi//hprc/v2_missing_stats/GCA_042029935.1_mapping_stats.mapping_stats.txt,371,90.27,411,226,95.36,237,1015,99.71,1018,7,36.84,19,34408,99.49,34584,1860,99.09,1877,2192,99.23,2209,10437,99.33,10507,19300,99.58,19381,4,100,4,52,98.11,487,99.59,489,53,8,100,8,5,100,5,1,100,1,49,100,49,1877,99.15,1893,938,99.89,939,258,99.61,259,3209,96.92,3311,4,100,4
GCA_42028775.1,GCA_042028775.1_mapping_stats.mapping_stats.txt,/hps/nobackup/flicek/ensembl/genebuild/ftricomi//hprc/v2_missing_stats/GCA_042028775.1_mapping_stats.mapping_stats.txt,343,83.45,411,218,91.98,237,1000,99.7,1003,7,36.84,19,33750,99.45,33935,1749,99.32,1761,2096,99.01,2117,9876,99.42,9934,18517,99.6,18592,4,100,4,50,98.04,476,99.79,477,51,8,100,8,5,100,5,1,100,1,47,97.92,48,1815,99.4,1826,894,99.78,896,248,99.2,250,3334,97.63,3415,4,100,4
GCA_42030045.1,GCA_042030045.1_mapping_stats.mapping_stats.txt,/hps/nobackup/flicek/ensembl/genebuild/ftricomi//hprc/v2_missing_stats/GCA_042030045.1_mapping_stats.mapping_stats.txt,351,85.4,411,221,93.25,237,1001,99.8,1003,7,36.84,19,33771,99.52,33935,1750,99.38,1761,2102,99.29,2117,9885,99.51,9934,18525,99.64,18592,4,100,4,51,100,476,99.79,477,51,8,100,8,5,100,5,1,100,1,46,95.83,48,1802,98.69,1826,895,99.89,896,249,99.6,250,3327,97.42,3415,4,100,4
GCA_42030035.1,GCA_042030035.1_mapping_stats.mapping_stats.txt,/hps/nobackup/flicek/ensembl/genebuild/ftricomi//hprc/hprc2_gb67/GCA_042030035.1/GCA_042030035.1_mapping_stats.mapping_stats.txt,345,83.94,411,220,92.83,237,1002,99.9,1003,7,36.84,19,33762,99.49,33935,1748,99.26,1761,2103,99.34,2117,9863,99.29,9934,18505,99.53,18592,4,100,4,50,98.04,476,99.79,477,51,8,100,8,5,100,5,1,100,1,47,97.92,48,1803,98.74,1826,896,100,896,250,100,250,3323,97.31,3415,4,100,4
GCA_42029925.1,GCA_042029925.1_mapping_stats.mapping_stats.txt,/hps/nobackup/flicek/ensembl/genebuild/ftricomi//hprc/hprc2_gb67/GCA_042029925.1/GCA_042029925.1_mapping_stats.mapping_stats.txt,390,94.89,411,226,95.36,237,1017,99.9,1018,7,36.84,19,34443,99.59,34584,1871,99.68,1877,2200,99.59,2209,10450,99.46,10507,19298,99.57,19381,4,100,4,53,100,486,99.39,489,53,8,100,8,5,100,5,1,100,1,49,100,49,1880,99.31,1893,938,99.89,939,258,99.61,259,3224,97.37,3311,4,100,4
GCA_42030025.1,GCA_042030025.1_mapping_stats.mapping_stats.txt,/hps/nobackup/flicek/ensembl/genebuild/ftricomi//hprc/hprc2_gb67/GCA_042030025.1/GCA_042030025.1_mapping_stats.mapping_stats.txt,393,95.62,411,235,99.16,237,998,99.5,1003,7,36.84,19,33739,99.42,33935,1752,99.49,1761,2103,99.34,2117,9858,99.23,9934,18515,99.59,18592,4,100,4,50,98.04,475,99.58,477,51,8,100,8,5,100,5,1,100,1,48,100,48,1809,99.07,1826,893,99.67,896,250,100,250,3313,97.01,3415,4,100,4
GCA_42027445.1,GCA_042027445.1_mapping_stats.mapping_stats.txt,/hps/nobackup/flicek/ensembl/genebuild/ftricomi//hprc/hprc2_gb67/GCA_042027445.1/GCA_042027445.1_mapping_stats.mapping_stats.txt,398,96.84,411,227,95.78,237,1017,99.9,1018,7,36.84,19,34411,99.5,34584,1870,99.63,1877,2194,99.32,2209,10442,99.38,10507,19289,99.53,19381,4,100,4,52,98.11,488,99.8,489,53,8,100,8,5,100,5,1,100,1,49,100,49,1868,98.68,1893,939,100,939,257,99.23,259,3222,97.31,3311,4,100,4
GCA_42030055.1,GCA_042030055.1_mapping_stats.mapping_stats.txt,/hps/nobackup/flicek/ensembl/genebuild/ftricomi//hprc/hprc2_gb67/GCA_042030055.1/GCA_042030055.1_mapping_stats.mapping_stats.txt,388,94.4,411,229,96.62,237,1001,99.8,1003,7,36.84,19,33780,99.54,33935,1750,99.38,1761,2106,99.48,2117,9879,99.45,9934,18523,99.63,18592,4,100,4,48,94.12,476,99.79,477,51,8,100,8,5,100,5,1,100,1,47,97.92,48,1803,98.74,1826,895,99.89,896,250,100,250,3323,97.31,3415,4,100,4
GCA_42028725.1,GCA_042028725.1_mapping_stats.mapping_stats.txt,/hps/nobackup/flicek/ensembl/genebuild/ftricomi//hprc/hprc2_gb67/GCA_042028725.1/GCA_042028725.1_mapping_stats.mapping_stats.txt,339,82.48,411,199,83.97,237,1018,100,1018,7,36.84,19,34443,99.59,34584,1861,99.15,1877,2195,99.37,2209,10452,99.48,10507,19320,99.69,19381,4,100,4,53,100,488,99.8,489,53,8,100,8,5,100,5,1,100,1,49,100,49,1869,98.73,1893,937,99.79,939,259,100,259,3243,97.95,3311,4,100,4
GCA_42028845.1,GCA_042028845.1_mapping_stats.mapping_stats.txt,/hps/nobackup/flicek/ensembl/genebuild/ftricomi//hprc/hprc2_gb67/GCA_042028845.1/GCA_042028845.1_mapping_stats.mapping_stats.txt,373,90.75,411,225,94.94,237,1016,99.8,1018,7,36.84,19,34417,99.52,34584,1869,99.57,1877,2196,99.41,2209,10454,99.5,10507,19290,99.53,19381,4,100,4,52,98.11,487,99.59,489,53,8,100,8,5,100,5,1,100,1,49,100,49,1877,99.15,1893,933,99.36,939,259,100,259,3222,97.31,3311,4,100,4
GCA_42029955.1,GCA_042029955.1_mapping_stats.mapping_stats.txt,/hps/nobackup/flicek/ensembl/genebuild/ftricomi//hprc/hprc2_gb67/GCA_042029955.1/GCA_042029955.1_mapping_stats.mapping_stats.txt,387,94.16,411,229,96.62,237,1001,99.8,1003,7,36.84,19,33781,99.55,33935,1740,98.81,1761,2102,99.29,2117,9871,99.37,9934,18531,99.67,18592,4,100,4,51,100,475,99.58,477,51,8,100,8,5,100,5,1,100,1,48,100,48,1802,98.69,1826,896,100,896,250,100,250,3332,97.57,3415,4,100,4
GCA_42028635.1,GCA_042028635.1_mapping_stats.mapping_stats.txt,/hps/nobackup/flicek/ensembl/genebuild/ftricomi//hprc/hprc2_gb67/GCA_042028635.1/GCA_042028635.1_mapping_stats.mapping_stats.txt,348,84.67,411,222,93.67,237,1016,99.8,1018,7,36.84,19,34431,99.56,34584,1868,99.52,1877,2194,99.32,2209,10453,99.49,10507,19288,99.52,19381,4,100,4,52,98.11,488,99.8,489,53,8,100,8,5,100,5,1,100,1,49,100,49,1875,99.05,1893,937,99.79,939,258,99.61,259,3231,97.58,3311,4,100,4
GCA_42030015.1,GCA_042030015.1_mapping_stats.mapping_stats.txt,/hps/nobackup/flicek/ensembl/genebuild/ftricomi//hprc/hprc2_gb67/GCA_042030015.1/GCA_042030015.1_mapping_stats.mapping_stats.txt,395,96.11,411,230,97.05,237,1002,99.9,1003,7,36.84,19,33787,99.56,33935,1753,99.55,1761,2108,99.57,2117,9891,99.57,9934,18531,99.67,18592,4,100,4,50,98.04,476,99.79,477,51,8,100,8,5,100,5,1,100,1,48,100,48,1812,99.23,1826,896,100,896,250,100,250,3349,98.07,3415,3,75,4
GCA_46056435.1,GCA_046056435.1_mapping_stats.mapping_stats.txt,/hps/nobackup/flicek/ensembl/genebuild/jackt/hprc/hprc2_gb67_production/GCA_046056435.1/GCA_046056435.1_mapping_stats.mapping_stats.txt,339,82.48,411,203,85.65,237,1002,99.9,1003,7,36.84,19,33772,99.52,33935,1755,99.66,1761,2108,99.57,2117,9883,99.49,9934,18538,99.71,18592,4,100,4,50,98.04,477,100,477,51,8,100,8,5,100,5,1,100,1,48,100,48,1803,98.74,1826,894,99.78,896,249,99.6,250,3356,98.27,3415,4,100,4
GCA_18472575.2,GCA_018472575.2_mapping_stats.mapping_stats.txt,/hps/nobackup/flicek/ensembl/genebuild/jackt/hprc/hprc2_gb45_production/GCA_018472575.2/GCA_018472575.2_mapping_stats.mapping_stats.txt,382,92.94,411,230,97.05,237,1001,99.8,1003,7,36.84,19,33769,99.51,33935,1750,99.38,1761,2101,99.24,2117,9872,99.38,9934,18514,99.58,18592,4,100,4,49,96.08,476,99.79,477,51,8,100,8,5,100,5,1,100,1,47,97.92,48,1811,99.18,1826,894,99.78,896,250,100,250,3338,97.75,3415,4,100,4
GCA_18471105.2,GCA_018471105.2_mapping_stats.mapping_stats.txt,/hps/nobackup/flicek/ensembl/genebuild/ftricomi//hprc/hprc2_gb67/GCA_018471105.2/GCA_018471105.2_mapping_stats.mapping_stats.txt,358,87.1,411,219,92.41,237,1016,99.8,1018,7,36.84,19,34423,99.53,34584,1864,99.31,1877,2199,99.55,2209,10449,99.45,10507,19313,99.65,19381,4,100,4,53,100,488,99.8,489,53,8,100,8,5,100,5,1,100,1,49,100,49,1872,98.89,1893,938,99.89,939,258,99.61,259,3249,98.13,3311,4,100,4
GCA_18471075.2,GCA_018471075.2_mapping_stats.mapping_stats.txt,/hps/nobackup/flicek/ensembl/genebuild/ftricomi//hprc/hprc2_gb67/GCA_018471075.2/GCA_018471075.2_mapping_stats.mapping_stats.txt,394,95.86,411,232,97.89,237,999,99.6,1003,7,36.84,19,33771,99.52,33935,1754,99.6,1761,2104,99.39,2117,9892,99.58,9934,18529,99.66,18592,4,100,4,51,100,477,100,477,51,8,100,8,5,100,5,1,100,1,46,95.83,48,1807,98.96,1826,894,99.78,896,250,100,250,3354,98.21,3415,4,100,4
GCA_18471065.2,GCA_018471065.2_mapping_stats.mapping_stats.txt,/hps/nobackup/flicek/ensembl/genebuild/ftricomi//hprc/hprc2_gb67/GCA_018471065.2/GCA_018471065.2_mapping_stats.mapping_stats.txt,359,87.35,411,221,93.25,237,1017,99.9,1018,7,36.84,19,34423,99.53,34584,1859,99.04,1877,2193,99.28,2209,10456,99.51,10507,19303,99.6,19381,4,100,4,53,100,488,99.8,489,53,8,100,8,5,100,5,1,100,1,47,95.92,49,1876,99.1,1893,933,99.36,939,259,100,259,3231,97.58,3311,4,100,4
GCA_18469675.2,GCA_018469675.2_mapping_stats.mapping_stats.txt,/hps/nobackup/flicek/ensembl/genebuild/ftricomi//hprc/hprc2_gb67/GCA_018469675.2/GCA_018469675.2_mapping_stats.mapping_stats.txt,369,89.78,411,230,97.05,237,1002,99.9,1003,7,36.84,19,33732,99.4,33935,1748,99.26,1761,2099,99.15,2117,9861,99.27,9934,18504,99.53,18592,3,75,4,48,94.12,476,99.79,477,51,8,100,8,5,100,5,1,100,1,48,100,48,1805,98.85,1826,882,98.44,896,250,100,250,3324,97.34,3415,4,100,4
GCA_18467165.2,GCA_018467165.2_mapping_stats.mapping_stats.txt,/hps/nobackup/flicek/ensembl/genebuild/ftricomi//hprc/hprc2_gb67/GCA_018467165.2/GCA_018467165.2_mapping_stats.mapping_stats.txt,379,92.21,411,225,94.94,237,1015,99.71,1018,7,36.84,19,34355,99.34,34584,1868,99.52,1877,2191,99.19,2209,10421,99.18,10507,19268,99.42,19381,4,100,4,52,98.11,486,99.39,489,53,8,100,8,5,100,5,1,100,1,47,95.92,49,1878,99.21,1893,933,99.36,939,258,99.61,259,3227,97.46,3311,4,100,4
GCA_18471555.2,GCA_018471555.2_mapping_stats.mapping_stats.txt,/hps/nobackup/flicek/ensembl/genebuild/ftricomi//hprc/hprc2_gb67/GCA_018471555.2/GCA_018471555.2_mapping_stats.mapping_stats.txt,335,81.51,411,199,83.97,237,1002,99.9,1003,7,36.84,19,33757,99.48,33935,1750,99.38,1761,2108,99.57,2117,9882,99.48,9934,18529,99.66,18592,4,100,4,50,98.04,477,100,477,51,8,100,8,5,100,5,1,100,1,48,100,48,1805,98.85,1826,895,99.89,896,249,99.6,250,3337,97.72,3415,4,100,4
GCA_18471525.2,GCA_018471525.2_mapping_stats.mapping_stats.txt,/hps/nobackup/flicek/ensembl/genebuild/ftricomi//hprc/hprc2_gb67/GCA_018471525.2/GCA_018471525.2_mapping_stats.mapping_stats.txt,386,93.92,411,230,97.05,237,1017,99.9,1018,7,36.84,19,34393,99.45,34584,1870,99.63,1877,2194,99.32,2209,10448,99.44,10507,19291,99.54,19381,4,100,4,52,98.11,486,99.39,489,53,8,100,8,5,100,5,1,100,1,49,100,49,1872,98.89,1893,937,99.79,939,259,100,259,3220,97.25,3311,4,100,4
GCA_18467005.2,GCA_018467005.2_mapping_stats.mapping_stats.txt,/hps/nobackup/flicek/ensembl/genebuild/ftricomi//hprc/hprc2_gb67/GCA_018467005.2/GCA_018467005.2_mapping_stats.mapping_stats.txt,339,82.48,411,213,89.87,237,1001,99.8,1003,7,36.84,19,33734,99.41,33935,1744,99.03,1761,2101,99.24,2117,9861,99.27,9934,18531,99.67,18592,4,100,4,50,98.04,476,99.79,477,51,8,100,8,5,100,5,1,100,1,47,97.92,48,1806,98.9,1826,892,99.55,896,248,99.2,250,3322,97.28,3415,4,100,4
GCA_18466855.2,GCA_018466855.2_mapping_stats.mapping_stats.txt,/hps/nobackup/flicek/ensembl/genebuild/ftricomi//hprc/hprc2_gb67/GCA_018466855.2/GCA_018466855.2_mapping_stats.mapping_stats.txt,374,91,411,218,91.98,237,1015,99.71,1018,7,36.84,19,34392,99.44,34584,1867,99.47,1877,2199,99.55,2209,10451,99.47,10507,19291,99.54,19381,4,100,4,53,100,487,99.59,489,53,8,100,8,5,100,5,1,100,1,49,100,49,1875,99.05,1893,939,100,939,258,99.61,259,3229,97.52,3311,4,100,4
GCA_18470435.2,GCA_018470435.2_mapping_stats.mapping_stats.txt,/hps/nobackup/flicek/ensembl/genebuild/ftricomi//hprc/hprc2_gb67/GCA_018470435.2/GCA_018470435.2_mapping_stats.mapping_stats.txt,376,91.48,411,223,94.09,237,1001,99.8,1003,7,36.84,19,33705,99.32,33935,1745,99.09,1761,2104,99.39,2117,9845,99.1,9934,18476,99.38,18592,4,100,4,50,98.04,474,99.37,477,51,8,100,8,5,100,5,1,100,1,48,100,48,1809,99.07,1826,894,99.78,896,246,98.4,250,3331,97.54,3415,4,100,4
GCA_18469925.2,GCA_018469925.2_mapping_stats.mapping_stats.txt,/hps/nobackup/flicek/ensembl/genebuild/ftricomi//hprc/hprc2_gb67/GCA_018469925.2/GCA_018469925.2_mapping_stats.mapping_stats.txt,360,87.59,411,222,93.67,237,1015,99.71,1018,7,36.84,19,34418,99.52,34584,1864,99.31,1877,2195,99.37,2209,10450,99.46,10507,19296,99.56,19381,4,100,4,52,98.11,488,99.8,489,53,8,100,8,5,100,5,1,100,1,49,100,49,1882,99.42,1893,938,99.89,939,258,99.61,259,3231,97.58,3311,4,100,4
GCA_18470465.2,GCA_018470465.2_mapping_stats.mapping_stats.txt,/hps/nobackup/flicek/ensembl/genebuild/ftricomi//hprc/hprc2_gb67/GCA_018470465.2/GCA_018470465.2_mapping_stats.mapping_stats.txt,384,93.43,411,214,90.3,237,1016,99.8,1018,7,36.84,19,34414,99.51,34584,1868,99.52,1877,2196,99.41,2209,10441,99.37,10507,19299,99.58,19381,3,75,4,53,100,487,99.59,489,53,8,100,8,5,100,5,1,100,1,49,100,49,1879,99.26,1893,937,99.79,939,258,99.61,259,3216,97.13,3311,4,100,4
GCA_18473305.2,GCA_018473305.2_mapping_stats.mapping_stats.txt,/hps/nobackup/flicek/ensembl/genebuild/ftricomi//hprc/hprc2_gb67/GCA_018473305.2/GCA_018473305.2_mapping_stats.mapping_stats.txt,373,90.75,411,229,96.62,237,1014,99.61,1018,7,36.84,19,34401,99.47,34584,1866,99.41,1877,2201,99.64,2209,10439,99.35,10507,19309,99.63,19381,4,100,4,53,100,488,99.8,489,53,8,100,8,5,100,5,1,100,1,49,100,49,1877,99.15,1893,937,99.79,939,258,99.61,259,3219,97.22,3311,4,100,4
GCA_18473315.2,GCA_018473315.2_mapping_stats.mapping_stats.txt,/hps/nobackup/flicek/ensembl/genebuild/ftricomi//hprc/hprc2_gb67/GCA_018473315.2/GCA_018473315.2_mapping_stats.mapping_stats.txt,302,73.48,411,154,64.98,237,1015,99.71,1018,7,36.84,19,34387,99.43,34584,1858,98.99,1877,2198,99.5,2209,10428,99.25,10507,19290,99.53,19381,4,100,4,52,98.11,487,99.59,489,53,8,100,8,5,100,5,1,100,1,48,97.96,49,1877,99.15,1893,938,99.89,939,258,99.61,259,3201,96.68,3311,4,100,4
GCA_42032525.1,GCA_042032525.1_mapping_stats.mapping_stats.txt,/hps/nobackup/flicek/ensembl/genebuild/ftricomi//hprc/hprc2_gb67/GCA_042032525.1/GCA_042032525.1_mapping_stats.mapping_stats.txt,356,86.62,411,215,90.72,237,1018,100,1018,7,36.84,19,34435,99.57,34584,1865,99.36,1877,2201,99.64,2209,10456,99.51,10507,19327,99.72,19381,4,100,4,53,100,489,100,489,53,8,100,8,5,100,5,1,100,1,49,100,49,1875,99.05,1893,938,99.89,939,259,100,259,3230,97.55,3311,4,100,4
GCA_42031265.1,GCA_042031265.1_mapping_stats.mapping_stats.txt,/hps/nobackup/flicek/ensembl/genebuild/ftricomi//hprc/hprc2_gb67/GCA_042031265.1/GCA_042031265.1_mapping_stats.mapping_stats.txt,372,90.51,411,228,96.2,237,1001,99.8,1003,7,36.84,19,33732,99.4,33935,1745,99.09,1761,2100,99.2,2117,9873,99.39,9934,18513,99.58,18592,4,100,4,48,94.12,475,99.58,477,51,8,100,8,5,100,5,1,100,1,48,100,48,1805,98.85,1826,893,99.67,896,249,99.6,250,3325,97.36,3415,4,100,4
GCA_42031275.1,GCA_042031275.1_mapping_stats.mapping_stats.txt,/hps/nobackup/flicek/ensembl/genebuild/ftricomi//hprc/hprc2_gb67/GCA_042031275.1/GCA_042031275.1_mapping_stats.mapping_stats.txt,388,94.4,411,230,97.05,237,998,99.5,1003,7,36.84,19,33763,99.49,33935,1755,99.66,1761,2104,99.39,2117,9843,99.08,9934,18511,99.56,18592,4,100,4,50,98.04,458,96.02,477,51,8,100,8,5,100,5,1,100,1,48,100,48,1806,98.9,1826,893,99.67,896,250,100,250,3340,97.8,3415,4,100,4
GCA_42032465.1,GCA_042032465.1_mapping_stats.mapping_stats.txt,/hps/nobackup/flicek/ensembl/genebuild/ftricomi//hprc/hprc2_gb67/GCA_042032465.1/GCA_042032465.1_mapping_stats.mapping_stats.txt,377,91.73,411,230,97.05,237,1016,99.8,1018,8,42.11,19,34442,99.59,34584,1867,99.47,1877,2195,99.37,2209,10462,99.57,10507,19312,99.64,19381,4,100,4,52,98.11,488,99.8,489,53,8,100,8,5,100,5,1,100,1,48,97.96,49,1878,99.21,1893,938,99.89,939,259,100,259,3231,97.58,3311,4,100,4
GCA_42032555.1,GCA_042032555.1_mapping_stats.mapping_stats.txt,/hps/nobackup/flicek/ensembl/genebuild/ftricomi//hprc/v2_missing_stats/GCA_042032555.1_mapping_stats.mapping_stats.txt,358,87.1,411,219,92.41,237,1000,99.7,1003,7,36.84,19,33764,99.5,33935,1745,99.09,1761,2111,99.72,2117,9878,99.44,9934,18507,99.54,18592,4,100,4,51,100,476,99.79,477,51,8,100,8,5,100,5,1,100,1,48,100,48,1804,98.8,1826,893,99.67,896,250,100,250,3348,98.04,3415,4,100,4
GCA_42032565.1,GCA_042032565.1_mapping_stats.mapping_stats.txt,/hps/nobackup/flicek/ensembl/genebuild/ftricomi//hprc/v2_missing_stats/GCA_042032565.1_mapping_stats.mapping_stats.txt,363,88.32,411,226,95.36,237,1016,99.8,1018,7,36.84,19,34405,99.48,34584,1864,99.31,1877,2201,99.64,2209,10454,99.5,10507,19292,99.54,19381,3,75,4,50,94.34,488,99.8,489,53,8,100,8,5,100,5,1,100,1,49,100,49,1879,99.26,1893,937,99.79,939,258,99.61,259,3226,97.43,3311,4,100,4
GCA_42031155.1,GCA_042031155.1_mapping_stats.mapping_stats.txt,/hps/nobackup/flicek/ensembl/genebuild/ftricomi//hprc/v2_missing_stats/GCA_042031155.1_mapping_stats.mapping_stats.txt,345,83.94,411,187,78.9,237,1017,99.9,1018,7,36.84,19,34392,99.44,34584,1870,99.63,1877,2194,99.32,2209,10441,99.37,10507,19301,99.59,19381,4,100,4,52,98.11,487,99.59,489,53,8,100,8,5,100,5,1,100,1,49,100,49,1874,99,1893,934,99.47,939,258,99.61,259,3217,97.16,3311,4,100,4
GCA_42031165.1,GCA_042031165.1_mapping_stats.mapping_stats.txt,/hps/nobackup/flicek/ensembl/genebuild/ftricomi//hprc/v2_missing_stats/GCA_042031165.1_mapping_stats.mapping_stats.txt,377,91.73,411,234,98.73,237,1015,99.71,1018,7,36.84,19,34450,99.61,34584,1866,99.41,1877,2197,99.46,2209,10444,99.4,10507,19322,99.7,19381,4,100,4,52,98.11,486,99.39,489,53,8,100,8,5,100,5,1,100,1,49,100,49,1880,99.31,1893,933,99.36,939,258,99.61,259,3238,97.8,3311,4,100,4
GCA_42032535.1,GCA_042032535.1_mapping_stats.mapping_stats.txt,/hps/nobackup/flicek/ensembl/genebuild/ftricomi//hprc/v2_missing_stats/GCA_042032535.1_mapping_stats.mapping_stats.txt,380,92.46,411,232,97.89,237,1002,99.9,1003,7,36.84,19,33780,99.54,33935,1752,99.49,1761,2107,99.53,2117,9875,99.41,9934,18516,99.59,18592,4,100,4,50,98.04,476,99.79,477,51,8,100,8,5,100,5,1,100,1,48,100,48,1807,98.96,1826,895,99.89,896,250,100,250,3351,98.13,3415,4,100,4
GCA_42031255.1,GCA_042031255.1_mapping_stats.mapping_stats.txt,/hps/nobackup/flicek/ensembl/genebuild/ftricomi//hprc/v2_missing_stats/GCA_042031255.1_mapping_stats.mapping_stats.txt,366,89.05,411,227,95.78,237,1017,99.9,1018,7,36.84,19,34406,99.49,34584,1858,98.99,1877,2198,99.5,2209,10438,99.34,10507,19324,99.71,19381,4,100,4,52,98.11,487,99.59,489,53,8,100,8,5,100,5,1,100,1,49,100,49,1872,98.89,1893,938,99.89,939,257,99.23,259,3217,97.16,3311,4,100,4
GCA_42032345.1,GCA_042032345.1_mapping_stats.mapping_stats.txt,/hps/nobackup/flicek/ensembl/genebuild/ftricomi//hprc/v2_missing_stats/GCA_042032345.1_mapping_stats.mapping_stats.txt,383,93.19,411,225,94.94,237,1002,99.9,1003,7,36.84,19,33777,99.53,33935,1745,99.09,1761,2099,99.15,2117,9878,99.44,9934,18526,99.65,18592,4,100,4,51,100,476,99.79,477,51,8,100,8,5,100,5,1,100,1,47,97.92,48,1814,99.34,1826,896,100,896,249,99.6,250,3315,97.07,3415,4,100,4
GCA_42031175.1,GCA_042031175.1_mapping_stats.mapping_stats.txt,/hps/nobackup/flicek/ensembl/genebuild/ftricomi//hprc/hprc2_gb67/GCA_042031175.1/GCA_042031175.1_mapping_stats.mapping_stats.txt,385,93.67,411,228,96.2,237,1017,99.9,1018,7,36.84,19,34397,99.46,34584,1857,98.93,1877,2195,99.37,2209,10434,99.31,10507,19296,99.56,19381,4,100,4,52,98.11,486,99.39,489,53,8,100,8,5,100,5,1,100,1,48,97.96,49,1877,99.15,1893,937,99.79,939,257,99.23,259,3222,97.31,3311,4,100,4
GCA_42032445.1,GCA_042032445.1_mapping_stats.mapping_stats.txt,/hps/nobackup/flicek/ensembl/genebuild/ftricomi//hprc/hprc2_gb67/GCA_042032445.1/GCA_042032445.1_mapping_stats.mapping_stats.txt,339,82.48,411,201,84.81,237,1002,99.9,1003,7,36.84,19,33752,99.46,33935,1747,99.2,1761,2103,99.34,2117,9858,99.23,9934,18518,99.6,18592,4,100,4,48,94.12,475,99.58,477,51,8,100,8,5,100,5,1,100,1,47,97.92,48,1811,99.18,1826,895,99.89,896,247,98.8,250,3311,96.95,3415,4,100,4
GCA_42031325.1,GCA_042031325.1_mapping_stats.mapping_stats.txt,/hps/nobackup/flicek/ensembl/genebuild/ftricomi//hprc/hprc2_gb67/GCA_042031325.1/GCA_042031325.1_mapping_stats.mapping_stats.txt,371,90.27,411,231,97.47,237,1001,99.8,1003,7,36.84,19,33755,99.47,33935,1748,99.26,1761,2101,99.24,2117,9872,99.38,9934,18514,99.58,18592,4,100,4,48,94.12,476,99.79,477,51,8,100,8,5,100,5,1,100,1,48,100,48,1810,99.12,1826,893,99.67,896,247,98.8,250,3332,97.57,3415,4,100,4
GCA_42031315.1,GCA_042031315.1_mapping_stats.mapping_stats.txt,/hps/nobackup/flicek/ensembl/genebuild/ftricomi//hprc/hprc2_gb67/GCA_042031315.1/GCA_042031315.1_mapping_stats.mapping_stats.txt,379,92.21,411,223,94.09,237,1002,99.9,1003,7,36.84,19,33775,99.53,33935,1747,99.2,1761,2108,99.57,2117,9875,99.41,9934,18519,99.61,18592,4,100,4,48,94.12,476,99.79,477,51,8,100,8,5,100,5,1,100,1,48,100,48,1804,98.8,1826,896,100,896,249,99.6,250,3337,97.72,3415,4,100,4
GCA_42032395.1,GCA_042032395.1_mapping_stats.mapping_stats.txt,/hps/nobackup/flicek/ensembl/genebuild/ftricomi//hprc/hprc2_gb67/GCA_042032395.1/GCA_042032395.1_mapping_stats.mapping_stats.txt,394,95.86,411,232,97.89,237,1002,99.9,1003,7,36.84,19,33733,99.4,33935,1747,99.2,1761,2103,99.34,2117,9863,99.29,9934,18522,99.62,18592,4,100,4,49,96.08,475,99.58,477,51,8,100,8,5,100,5,1,100,1,47,97.92,48,1804,98.8,1826,893,99.67,896,249,99.6,250,3317,97.13,3415,4,100,4
GCA_42032545.1,GCA_042032545.1_mapping_stats.mapping_stats.txt,/hps/nobackup/flicek/ensembl/genebuild/ftricomi//hprc/hprc2_gb67/GCA_042032545.1/GCA_042032545.1_mapping_stats.mapping_stats.txt,393,95.62,411,230,97.05,237,999,99.6,1003,7,36.84,19,33754,99.47,33935,1752,99.49,1761,2105,99.43,2117,9878,99.44,9934,18512,99.57,18592,4,100,4,49,96.08,476,99.79,477,51,8,100,8,5,100,5,1,100,1,48,100,48,1803,98.74,1826,893,99.67,896,250,100,250,3338,97.75,3415,4,100,4
GCA_42031205.1,GCA_042031205.1_mapping_stats.mapping_stats.txt,/hps/nobackup/flicek/ensembl/genebuild/ftricomi//hprc/hprc2_gb67/GCA_042031205.1/GCA_042031205.1_mapping_stats.mapping_stats.txt,357,86.86,411,230,97.05,237,1001,99.8,1003,7,36.84,19,33734,99.41,33935,1747,99.2,1761,2097,99.06,2117,9866,99.32,9934,18482,99.41,18592,4,100,4,50,98.04,476,99.79,477,51,8,100,8,5,100,5,1,100,1,47,97.92,48,1804,98.8,1826,894,99.78,896,250,100,250,3322,97.28,3415,4,100,4
GCA_42032625.1,GCA_042032625.1_mapping_stats.mapping_stats.txt,/hps/nobackup/flicek/ensembl/genebuild/ftricomi//hprc/hprc2_gb67/GCA_042032625.1/GCA_042032625.1_mapping_stats.mapping_stats.txt,386,93.92,411,234,98.73,237,1002,99.9,1003,7,36.84,19,33748,99.45,33935,1754,99.6,1761,2101,99.24,2117,9851,99.16,9934,18520,99.61,18592,4,100,4,49,96.08,476,99.79,477,51,8,100,8,5,100,5,1,100,1,48,100,48,1804,98.8,1826,893,99.67,896,250,100,250,3344,97.92,3415,4,100,4
GCA_42034285.1,GCA_042034285.1_mapping_stats.mapping_stats.txt,/hps/nobackup/flicek/ensembl/genebuild/ftricomi//hprc/v2_missing_stats/GCA_042034285.1_mapping_stats.mapping_stats.txt,383,93.19,411,229,96.62,237,1001,99.8,1003,7,36.84,19,33783,99.55,33935,1748,99.26,1761,2102,99.29,2117,9881,99.47,9934,18527,99.65,18592,4,100,4,51,100,475,99.58,477,51,8,100,8,5,100,5,1,100,1,48,100,48,1805,98.85,1826,895,99.89,896,250,100,250,3342,97.86,3415,4,100,4
GCA_42034305.1,GCA_042034305.1_mapping_stats.mapping_stats.txt,/hps/nobackup/flicek/ensembl/genebuild/ftricomi//hprc/v2_missing_stats/GCA_042034305.1_mapping_stats.mapping_stats.txt,338,82.24,411,204,86.08,237,1017,99.9,1018,7,36.84,19,34424,99.54,34584,1867,99.47,1877,2196,99.41,2209,10451,99.47,10507,19302,99.59,19381,2,50,4,51,96.23,488,99.8,489,53,8,100,8,5,100,5,1,100,1,49,100,49,1881,99.37,1893,939,100,939,259,100,259,3231,97.58,3311,4,100,4
GCA_42034315.1,GCA_042034315.1_mapping_stats.mapping_stats.txt,/hps/nobackup/flicek/ensembl/genebuild/ftricomi//hprc/hprc2_gb67/GCA_042034315.1/GCA_042034315.1_mapping_stats.mapping_stats.txt,384,93.43,411,232,97.89,237,999,99.6,1003,7,36.84,19,33786,99.56,33935,1752,99.49,1761,2104,99.39,2117,9873,99.39,9934,18520,99.61,18592,4,100,4,50,98.04,476,99.79,477,51,8,100,8,5,100,5,1,100,1,48,100,48,1804,98.8,1826,894,99.78,896,250,100,250,3328,97.45,3415,4,100,4
GCA_42034215.1,GCA_042034215.1_mapping_stats.mapping_stats.txt,/hps/nobackup/flicek/ensembl/genebuild/ftricomi//hprc/hprc2_gb67/GCA_042034215.1/GCA_042034215.1_mapping_stats.mapping_stats.txt,364,88.56,411,232,97.89,237,1001,99.8,1003,7,36.84,19,33765,99.5,33935,1743,98.98,1761,2106,99.48,2117,9879,99.45,9934,18508,99.55,18592,3,75,4,50,98.04,477,100,477,51,8,100,8,5,100,5,1,100,1,48,100,48,1803,98.74,1826,895,99.89,896,249,99.6,250,3340,97.8,3415,4,100,4
GCA_42034325.1,GCA_042034325.1_mapping_stats.mapping_stats.txt,/hps/nobackup/flicek/ensembl/genebuild/ftricomi//hprc/hprc2_gb67/GCA_042034325.1/GCA_042034325.1_mapping_stats.mapping_stats.txt,371,90.27,411,221,93.25,237,1001,99.8,1003,7,36.84,19,33767,99.5,33935,1749,99.32,1761,2102,99.29,2117,9877,99.43,9934,18531,99.67,18592,4,100,4,49,96.08,477,100,477,51,8,100,8,5,100,5,1,100,1,47,97.92,48,1803,98.74,1826,894,99.78,896,249,99.6,250,3344,97.92,3415,4,100,4
GCA_42034345.1,GCA_042034345.1_mapping_stats.mapping_stats.txt,/hps/nobackup/flicek/ensembl/genebuild/ftricomi//hprc/hprc2_gb67/GCA_042034345.1/GCA_042034345.1_mapping_stats.mapping_stats.txt,362,88.08,411,231,97.47,237,1018,100,1018,7,36.84,19,34415,99.51,34584,1867,99.47,1877,2197,99.46,2209,10441,99.37,10507,19307,99.62,19381,4,100,4,51,96.23,488,99.8,489,53,8,100,8,5,100,5,1,100,1,49,100,49,1872,98.89,1893,935,99.57,939,258,99.61,259,3232,97.61,3311,4,100,4
GCA_42034335.1,GCA_042034335.1_mapping_stats.mapping_stats.txt,/hps/nobackup/flicek/ensembl/genebuild/ftricomi//hprc/hprc2_gb67/GCA_042034335.1/GCA_042034335.1_mapping_stats.mapping_stats.txt,354,86.13,411,221,93.25,237,1017,99.9,1018,7,36.84,19,34419,99.52,34584,1861,99.15,1877,2199,99.55,2209,10454,99.5,10507,19304,99.6,19381,4,100,4,52,98.11,487,99.59,489,53,8,100,8,5,100,5,1,100,1,49,100,49,1876,99.1,1893,938,99.89,939,259,100,259,3233,97.64,3311,4,100,4
GCA_42035275.1,GCA_042035275.1_mapping_stats.mapping_stats.txt,/hps/nobackup/flicek/ensembl/genebuild/ftricomi//hprc/hprc2_gb67/GCA_042035275.1/GCA_042035275.1_mapping_stats.mapping_stats.txt,351,85.4,411,224,94.51,237,1015,99.71,1018,7,36.84,19,34391,99.44,34584,1865,99.36,1877,2193,99.28,2209,10446,99.42,10507,19289,99.53,19381,4,100,4,51,96.23,487,99.59,489,53,8,100,8,5,100,5,1,100,1,49,100,49,1878,99.21,1893,937,99.79,939,257,99.23,259,3212,97.01,3311,4,100,4
GCA_42035195.1,GCA_042035195.1_mapping_stats.mapping_stats.txt,/hps/nobackup/flicek/ensembl/genebuild/ftricomi//hprc/hprc2_gb67/GCA_042035195.1/GCA_042035195.1_mapping_stats.mapping_stats.txt,353,85.89,411,225,94.94,237,1014,99.61,1018,7,36.84,19,34412,99.5,34584,1867,99.47,1877,2198,99.5,2209,10430,99.27,10507,19315,99.66,19381,4,100,4,50,94.34,486,99.39,489,53,8,100,8,5,100,5,1,100,1,49,100,49,1880,99.31,1893,937,99.79,939,258,99.61,259,3242,97.92,3311,4,100,4
GCA_42035185.1,GCA_042035185.1_mapping_stats.mapping_stats.txt,/hps/nobackup/flicek/ensembl/genebuild/ftricomi//hprc/hprc2_gb67/GCA_042035185.1/GCA_042035185.1_mapping_stats.mapping_stats.txt,353,85.89,411,224,94.51,237,1015,99.71,1018,7,36.84,19,34424,99.54,34584,1866,99.41,1877,2203,99.73,2209,10440,99.36,10507,19320,99.69,19381,4,100,4,53,100,489,100,489,53,8,100,8,5,100,5,1,100,1,49,100,49,1879,99.26,1893,934,99.47,939,259,100,259,3225,97.4,3311,4,100,4
GCA_42035225.1,GCA_042035225.1_mapping_stats.mapping_stats.txt,/hps/nobackup/flicek/ensembl/genebuild/ftricomi//hprc/hprc2_gb67/GCA_042035225.1/GCA_042035225.1_mapping_stats.mapping_stats.txt,353,85.89,411,221,93.25,237,1015,99.71,1018,7,36.84,19,34396,99.46,34584,1865,99.36,1877,2193,99.28,2209,10438,99.34,10507,19293,99.55,19381,4,100,4,51,96.23,488,99.8,489,53,8,100,8,5,100,5,1,100,1,48,97.96,49,1875,99.05,1893,937,99.79,939,258,99.61,259,3223,97.34,3311,4,100,4
GCA_18472595.2,GCA_018472595.2_mapping_stats.mapping_stats.txt,/hps/nobackup/flicek/ensembl/genebuild/ftricomi//hprc/hprc2_gb67/GCA_018472595.2/GCA_018472595.2_mapping_stats.mapping_stats.txt,373,90.75,411,225,94.94,237,1015,99.71,1018,7,36.84,19,34448,99.61,34584,1873,99.79,1877,2197,99.46,2209,10459,99.54,10507,19304,99.6,19381,4,100,4,53,100,487,99.59,489,53,8,100,8,5,100,5,1,100,1,49,100,49,1873,98.94,1893,939,100,939,259,100,259,3238,97.8,3311,4,100,4
GCA_42037725.1,GCA_042037725.1_mapping_stats.mapping_stats.txt,/hps/nobackup/flicek/ensembl/genebuild/ftricomi//hprc/hprc2_gb67/GCA_042037725.1/GCA_042037725.1_mapping_stats.mapping_stats.txt,372,90.51,411,227,95.78,237,1017,99.9,1018,7,36.84,19,34439,99.58,34584,1870,99.63,1877,2200,99.59,2209,10458,99.53,10507,19319,99.68,19381,4,100,4,50,94.34,488,99.8,489,53,8,100,8,5,100,5,1,100,1,48,97.96,49,1872,98.89,1893,936,99.68,939,259,100,259,3234,97.67,3311,4,100,4
GCA_42037765.1,GCA_042037765.1_mapping_stats.mapping_stats.txt,/hps/nobackup/flicek/ensembl/genebuild/ftricomi//hprc/hprc2_gb67/GCA_042037765.1/GCA_042037765.1_mapping_stats.mapping_stats.txt,398,96.84,411,231,97.47,237,1016,99.8,1018,7,36.84,19,34399,99.47,34584,1863,99.25,1877,2198,99.5,2209,10447,99.43,10507,19300,99.58,19381,4,100,4,52,98.11,488,99.8,489,53,8,100,8,5,100,5,1,100,1,48,97.96,49,1869,98.73,1893,938,99.89,939,258,99.61,259,3206,96.83,3311,4,100,4
GCA_42037975.1,GCA_042037975.1_mapping_stats.mapping_stats.txt,/hps/nobackup/flicek/ensembl/genebuild/ftricomi//hprc/hprc2_gb67/GCA_042037975.1/GCA_042037975.1_mapping_stats.mapping_stats.txt,385,93.67,411,231,97.47,237,1001,99.8,1003,7,36.84,19,33748,99.45,33935,1748,99.26,1761,2101,99.24,2117,9884,99.5,9934,18519,99.61,18592,4,100,4,48,94.12,475,99.58,477,51,8,100,8,5,100,5,1,100,1,48,100,48,1804,98.8,1826,891,99.44,896,250,100,250,3332,97.57,3415,4,100,4
GCA_18472585.2,GCA_018472585.2_mapping_stats.mapping_stats.txt,/hps/nobackup/flicek/ensembl/genebuild/ftricomi//hprc/hprc2_gb67/GCA_018472585.2/GCA_018472585.2_mapping_stats.mapping_stats.txt,370,90.02,411,229,96.62,237,1001,99.8,1003,7,36.84,19,33731,99.4,33935,1749,99.32,1761,2099,99.15,2117,9875,99.41,9934,18513,99.58,18592,4,100,4,50,98.04,475,99.58,477,51,8,100,8,5,100,5,1,100,1,48,100,48,1806,98.9,1826,892,99.55,896,250,100,250,3321,97.25,3415,4,100,4
GCA_18472725.2,GCA_018472725.2_mapping_stats.mapping_stats.txt,/hps/nobackup/flicek/ensembl/genebuild/ftricomi//hprc/hprc2_gb67/GCA_018472725.2/GCA_018472725.2_mapping_stats.mapping_stats.txt,387,94.16,411,234,98.73,237,1015,99.71,1018,7,36.84,19,34394,99.45,34584,1867,99.47,1877,2186,98.96,2209,10455,99.51,10507,19299,99.58,19381,4,100,4,52,98.11,488,99.8,489,53,8,100,8,5,100,5,1,100,1,47,95.92,49,1879,99.26,1893,935,99.57,939,258,99.61,259,3210,96.95,3311,4,100,4
GCA_42037995.1,GCA_042037995.1_mapping_stats.mapping_stats.txt,/hps/nobackup/flicek/ensembl/genebuild/ftricomi//hprc/v2_missing_stats/GCA_042037995.1_mapping_stats.mapping_stats.txt,351,85.4,411,209,88.19,237,1001,99.8,1003,7,36.84,19,33762,99.49,33935,1748,99.26,1761,2102,99.29,2117,9867,99.33,9934,18522,99.62,18592,4,100,4,50,98.04,476,99.79,477,51,8,100,8,5,100,5,1,100,1,46,95.83,48,1806,98.9,1826,893,99.67,896,249,99.6,250,3337,97.72,3415,4,100,4
GCA_42037825.1,GCA_042037825.1_mapping_stats.mapping_stats.txt,/hps/nobackup/flicek/ensembl/genebuild/ftricomi//hprc/v2_missing_stats/GCA_042037825.1_mapping_stats.mapping_stats.txt,367,89.29,411,211,89.03,237,1018,100,1018,7,36.84,19,34396,99.46,34584,1865,99.36,1877,2197,99.46,2209,10434,99.31,10507,19295,99.56,19381,4,100,4,52,98.11,488,99.8,489,53,8,100,8,5,100,5,1,100,1,49,100,49,1866,98.57,1893,939,100,939,259,100,259,3213,97.04,3311,4,100,4
GCA_18469695.2,GCA_018469695.2_mapping_stats.mapping_stats.txt,/hps/nobackup/flicek/ensembl/genebuild/ftricomi//hprc/hprc2_gb67/GCA_018469695.2/GCA_018469695.2_mapping_stats.mapping_stats.txt,388,94.4,411,228,96.2,237,1017,99.9,1018,7,36.84,19,34418,99.52,34584,1860,99.09,1877,2197,99.46,2209,10443,99.39,10507,19299,99.58,19381,3,75,4,50,94.34,487,99.59,489,53,8,100,8,5,100,5,1,100,1,47,95.92,49,1874,99,1893,936,99.68,939,259,100,259,3227,97.46,3311,4,100,4
GCA_42037855.1,GCA_042037855.1_mapping_stats.mapping_stats.txt,/hps/nobackup/flicek/ensembl/genebuild/ftricomi//hprc/v2_missing_stats/GCA_042037855.1_mapping_stats.mapping_stats.txt,319,77.62,411,160,67.51,237,1018,100,1018,7,36.84,19,34418,99.52,34584,1863,99.25,1877,2191,99.19,2209,10451,99.47,10507,19294,99.55,19381,4,100,4,52,98.11,487,99.59,489,53,8,100,8,5,100,5,1,100,1,47,95.92,49,1881,99.37,1893,936,99.68,939,259,100,259,3236,97.73,3311,3,75,4
GCA_42038865.1,GCA_042038865.1_mapping_stats.mapping_stats.txt,/hps/nobackup/flicek/ensembl/genebuild/ftricomi//hprc/v2_missing_stats/GCA_042038865.1_mapping_stats.mapping_stats.txt,385,93.67,411,232,97.89,237,1001,99.8,1003,7,36.84,19,33783,99.55,33935,1751,99.43,1761,2102,99.29,2117,9888,99.54,9934,18522,99.62,18592,4,100,4,51,100,476,99.79,477,51,8,100,8,5,100,5,1,100,1,46,95.83,48,1811,99.18,1826,894,99.78,896,250,100,250,3331,97.54,3415,4,100,4
GCA_18469965.2,GCA_018469965.2_mapping_stats.mapping_stats.txt,/hps/nobackup/flicek/ensembl/genebuild/ftricomi//hprc/hprc2_gb67/GCA_018469965.2/GCA_018469965.2_mapping_stats.mapping_stats.txt,394,95.86,411,229,96.62,237,1002,99.9,1003,7,36.84,19,33789,99.57,33935,1742,98.92,1761,2101,99.24,2117,9890,99.56,9934,18527,99.65,18592,4,100,4,50,98.04,476,99.79,477,51,8,100,8,5,100,5,1,100,1,48,100,48,1812,99.23,1826,890,99.33,896,249,99.6,250,3343,97.89,3415,4,100,4
GCA_18469705.2,GCA_018469705.2_mapping_stats.mapping_stats.txt,/hps/nobackup/flicek/ensembl/genebuild/ftricomi//hprc/hprc2_gb67/GCA_018469705.2/GCA_018469705.2_mapping_stats.mapping_stats.txt,390,94.89,411,229,96.62,237,1016,99.8,1018,7,36.84,19,34399,99.47,34584,1865,99.36,1877,2194,99.32,2209,10446,99.42,10507,19297,99.57,19381,4,100,4,51,96.23,487,99.59,489,53,8,100,8,5,100,5,1,100,1,49,100,49,1876,99.1,1893,939,100,939,259,100,259,3222,97.31,3311,4,100,4
GCA_18472705.2,GCA_018472705.2_mapping_stats.mapping_stats.txt,/hps/nobackup/flicek/ensembl/genebuild/ftricomi//hprc/hprc2_gb67/GCA_018472705.2/GCA_018472705.2_mapping_stats.mapping_stats.txt,389,94.65,411,228,96.2,237,1000,99.7,1003,7,36.84,19,33775,99.53,33935,1749,99.32,1761,2099,99.15,2117,9873,99.39,9934,18503,99.52,18592,4,100,4,51,100,474,99.37,477,51,8,100,8,5,100,5,1,100,1,48,100,48,1809,99.07,1826,896,100,896,249,99.6,250,3327,97.42,3415,4,100,4
GCA_42038875.1,GCA_042038875.1_mapping_stats.mapping_stats.txt,/hps/nobackup/flicek/ensembl/genebuild/ftricomi//hprc/hprc2_gb67/GCA_042038875.1/GCA_042038875.1_mapping_stats.mapping_stats.txt,393,95.62,411,229,96.62,237,1000,99.7,1003,7,36.84,19,33781,99.55,33935,1751,99.43,1761,2101,99.24,2117,9887,99.53,9934,18522,99.62,18592,4,100,4,51,100,475,99.58,477,51,8,100,8,5,100,5,1,100,1,47,97.92,48,1805,98.85,1826,894,99.78,896,250,100,250,3337,97.72,3415,4,100,4
GCA_42037875.1,GCA_042037875.1_mapping_stats.mapping_stats.txt,/hps/nobackup/flicek/ensembl/genebuild/jackt/hprc/hprc2_gb23_production/GCA_042037875.1/GCA_042037875.1_mapping_stats.mapping_stats.txt,397,96.59,411,231,97.47,237,1018,100,1018,7,36.84,19,34459,99.64,34584,1864,99.31,1877,2198,99.5,2209,10451,99.47,10507,19318,99.67,19381,4,100,4,53,100,488,99.8,489,53,8,100,8,5,100,5,1,100,1,49,100,49,1878,99.21,1893,938,99.89,939,258,99.61,259,3254,98.28,3311,4,100,4
GCA_42037895.1,GCA_042037895.1_mapping_stats.mapping_stats.txt,/hps/nobackup/flicek/ensembl/genebuild/ftricomi//hprc/v2_missing_stats/GCA_042037895.1_mapping_stats.mapping_stats.txt,374,91,411,218,91.98,237,1016,99.8,1018,7,36.84,19,34399,99.47,34584,1867,99.47,1877,2194,99.32,2209,10445,99.41,10507,19312,99.64,19381,4,100,4,51,96.23,488,99.8,489,53,8,100,8,5,100,5,1,100,1,48,97.96,49,1877,99.15,1893,937,99.79,939,259,100,259,3255,98.31,3311,4,100,4
GCA_42037885.1,GCA_042037885.1_mapping_stats.mapping_stats.txt,/hps/nobackup/flicek/ensembl/genebuild/jackt/hprc/hprc2_gb23_production/GCA_042037885.1/GCA_042037885.1_mapping_stats.mapping_stats.txt,347,84.43,411,205,86.5,237,1014,99.61,1018,7,36.84,19,34399,99.47,34584,1868,99.52,1877,2190,99.14,2209,10443,99.39,10507,19297,99.57,19381,4,100,4,52,98.11,487,99.59,489,53,8,100,8,5,100,5,1,100,1,47,95.92,49,1875,99.05,1893,938,99.89,939,259,100,259,3219,97.22,3311,4,100,4
GCA_18472845.2,GCA_018472845.2_mapping_stats.mapping_stats.txt,/hps/nobackup/flicek/ensembl/genebuild/ftricomi//hprc/hprc2_gb67/GCA_018472845.2/GCA_018472845.2_mapping_stats.mapping_stats.txt,310,75.43,411,159,67.09,237,1017,99.9,1018,7,36.84,19,34384,99.42,34584,1865,99.36,1877,2197,99.46,2209,10434,99.31,10507,19299,99.58,19381,4,100,4,51,96.23,487,99.59,489,53,8,100,8,5,100,5,1,100,1,49,100,49,1875,99.05,1893,934,99.47,939,258,99.61,259,3236,97.73,3311,4,100,4
GCA_42036435.1,GCA_042036435.1_mapping_stats.mapping_stats.txt,/hps/nobackup/flicek/ensembl/genebuild/ftricomi//hprc/v2_missing_stats/GCA_042036435.1_mapping_stats.mapping_stats.txt,373,90.75,411,228,96.2,237,999,99.6,1003,7,36.84,19,33769,99.51,33935,1744,99.03,1761,2108,99.57,2117,9890,99.56,9934,18514,99.58,18592,4,100,4,50,98.04,475,99.58,477,51,8,100,8,5,100,5,1,100,1,48,100,48,1808,99.01,1826,894,99.78,896,249,99.6,250,3353,98.18,3415,4,100,4
GCA_42036445.1,GCA_042036445.1_mapping_stats.mapping_stats.txt,/hps/nobackup/flicek/ensembl/genebuild/ftricomi//hprc/v2_missing_stats/GCA_042036445.1_mapping_stats.mapping_stats.txt,358,87.1,411,219,92.41,237,1002,99.9,1003,7,36.84,19,33817,99.65,33935,1754,99.6,1761,2106,99.48,2117,9889,99.55,9934,18535,99.69,18592,4,100,4,51,100,477,100,477,51,8,100,8,5,100,5,1,100,1,48,100,48,1808,99.01,1826,894,99.78,896,247,98.8,250,3353,98.18,3415,4,100,4
GCA_42036495.1,GCA_042036495.1_mapping_stats.mapping_stats.txt,/hps/nobackup/flicek/ensembl/genebuild/ftricomi//hprc/v2_missing_stats/GCA_042036495.1_mapping_stats.mapping_stats.txt,387,94.16,411,228,96.2,237,1002,99.9,1003,7,36.84,19,33768,99.51,33935,1749,99.32,1761,2104,99.39,2117,9865,99.31,9934,18519,99.61,18592,2,50,4,51,100,475,99.58,477,51,8,100,8,5,100,5,1,100,1,48,100,48,1810,99.12,1826,893,99.67,896,250,100,250,3321,97.25,3415,4,100,4
GCA_18466835.2,GCA_018466835.2_mapping_stats.mapping_stats.txt,/hps/nobackup/flicek/ensembl/genebuild/ftricomi//hprc/hprc2_gb67/GCA_018466835.2/GCA_018466835.2_mapping_stats.mapping_stats.txt,392,95.38,411,228,96.2,237,1016,99.8,1018,7,36.84,19,34398,99.46,34584,1869,99.57,1877,2193,99.28,2209,10439,99.35,10507,19296,99.56,19381,4,100,4,49,92.45,488,99.8,489,53,8,100,8,5,100,5,1,100,1,49,100,49,1876,99.1,1893,937,99.79,939,259,100,259,3226,97.43,3311,3,75,4
GCA_42038895.1,GCA_042038895.1_mapping_stats.mapping_stats.txt,/hps/nobackup/flicek/ensembl/genebuild/ftricomi//hprc/v2_missing_stats/GCA_042038895.1_mapping_stats.mapping_stats.txt,343,83.45,411,213,89.87,237,999,99.6,1003,7,36.84,19,33758,99.48,33935,1745,99.09,1761,2105,99.43,2117,9868,99.34,9934,18518,99.6,18592,4,100,4,50,98.04,477,100,477,51,8,100,8,5,100,5,1,100,1,47,97.92,48,1801,98.63,1826,896,100,896,249,99.6,250,3319,97.19,3415,4,100,4
GCA_18470425.2,GCA_018470425.2_mapping_stats.mapping_stats.txt,/hps/nobackup/flicek/ensembl/genebuild/ftricomi//hprc/hprc2_gb67/GCA_018470425.2/GCA_018470425.2_mapping_stats.mapping_stats.txt,329,80.05,411,202,85.23,237,1000,99.7,1003,7,36.84,19,33747,99.45,33935,1750,99.38,1761,2107,99.53,2117,9854,99.19,9934,18518,99.6,18592,4,100,4,51,100,477,100,477,51,8,100,8,5,100,5,1,100,1,48,100,48,1814,99.34,1826,894,99.78,896,250,100,250,3325,97.36,3415,4,100,4
GCA_42036525.1,GCA_042036525.1_mapping_stats.mapping_stats.txt,/hps/nobackup/flicek/ensembl/genebuild/ftricomi//hprc/v2_missing_stats/GCA_042036525.1_mapping_stats.mapping_stats.txt,399,97.08,411,230,97.05,237,1015,99.71,1018,7,36.84,19,34392,99.44,34584,1866,99.41,1877,2191,99.19,2209,10421,99.18,10507,19304,99.6,19381,4,100,4,49,92.45,488,99.8,489,53,8,100,8,5,100,5,1,100,1,49,100,49,1875,99.05,1893,939,100,939,258,99.61,259,3221,97.28,3311,4,100,4
GCA_42038885.1,GCA_042038885.1_mapping_stats.mapping_stats.txt,/hps/nobackup/flicek/ensembl/genebuild/ftricomi//hprc/v2_missing_stats/GCA_042038885.1_mapping_stats.mapping_stats.txt,373,90.75,411,230,97.05,237,1000,99.7,1003,7,36.84,19,33759,99.48,33935,1752,99.49,1761,2105,99.43,2117,9889,99.55,9934,18532,99.68,18592,4,100,4,51,100,476,99.79,477,51,8,100,8,5,100,5,1,100,1,46,95.83,48,1805,98.85,1826,895,99.89,896,249,99.6,250,3341,97.83,3415,4,100,4
GCA_42037905.1,GCA_042037905.1_mapping_stats.mapping_stats.txt,/hps/nobackup/flicek/ensembl/genebuild/ftricomi//hprc/v2_missing_stats/GCA_042037905.1_mapping_stats.mapping_stats.txt,389,94.65,411,222,93.67,237,1016,99.8,1018,7,36.84,19,34429,99.55,34584,1864,99.31,1877,2191,99.19,2209,10444,99.4,10507,19302,99.59,19381,4,100,4,53,100,487,99.59,489,53,8,100,8,5,100,5,1,100,1,48,97.96,49,1878,99.21,1893,939,100,939,259,100,259,3231,97.58,3311,4,100,4
GCA_42037925.1,GCA_042037925.1_mapping_stats.mapping_stats.txt,/hps/nobackup/flicek/ensembl/genebuild/ftricomi//hprc/hprc2_gb67/GCA_042037925.1/GCA_042037925.1_mapping_stats.mapping_stats.txt,361,87.83,411,216,91.14,237,1014,99.61,1018,10,52.63,19,34419,99.52,34584,1868,99.52,1877,2193,99.28,2209,10449,99.45,10507,19301,99.59,19381,4,100,4,52,98.11,487,99.59,489,53,8,100,8,5,100,5,1,100,1,49,100,49,1873,98.94,1893,933,99.36,939,259,100,259,3234,97.67,3311,4,100,4
GCA_18469415.2,GCA_018469415.2_mapping_stats.mapping_stats.txt,/hps/nobackup/flicek/ensembl/genebuild/ftricomi//hprc/hprc2_gb67/GCA_018469415.2/GCA_018469415.2_mapping_stats.mapping_stats.txt,379,92.21,411,226,95.36,237,1015,99.71,1018,7,36.84,19,34421,99.53,34584,1865,99.36,1877,2201,99.64,2209,10446,99.42,10507,19309,99.63,19381,4,100,4,53,100,489,100,489,53,8,100,8,5,100,5,1,100,1,49,100,49,1873,98.94,1893,938,99.89,939,258,99.61,259,3228,97.49,3311,4,100,4
GCA_42036515.1,GCA_042036515.1_mapping_stats.mapping_stats.txt,/hps/nobackup/flicek/ensembl/genebuild/ftricomi//hprc/hprc2_gb67/GCA_042036515.1/GCA_042036515.1_mapping_stats.mapping_stats.txt,377,91.73,411,229,96.62,237,1016,99.8,1018,7,36.84,19,34424,99.54,34584,1869,99.57,1877,2197,99.46,2209,10447,99.43,10507,19292,99.54,19381,4,100,4,51,96.23,488,99.8,489,53,8,100,8,5,100,5,1,100,1,49,100,49,1874,99,1893,932,99.25,939,259,100,259,3230,97.55,3311,4,100,4
GCA_42036505.1,GCA_042036505.1_mapping_stats.mapping_stats.txt,/hps/nobackup/flicek/ensembl/genebuild/ftricomi//hprc/hprc2_gb67/GCA_042036505.1/GCA_042036505.1_mapping_stats.mapping_stats.txt,369,89.78,411,229,96.62,237,1001,99.8,1003,7,36.84,19,33778,99.54,33935,1749,99.32,1761,2104,99.39,2117,9884,99.5,9934,18535,99.69,18592,4,100,4,49,96.08,475,99.58,477,51,8,100,8,5,100,5,1,100,1,48,100,48,1810,99.12,1826,896,100,896,249,99.6,250,3334,97.63,3415,4,100,4
GCA_42036535.1,GCA_042036535.1_mapping_stats.mapping_stats.txt,/hps/nobackup/flicek/ensembl/genebuild/ftricomi//hprc/hprc2_gb67/GCA_042036535.1/GCA_042036535.1_mapping_stats.mapping_stats.txt,389,94.65,411,232,97.89,237,1002,99.9,1003,7,36.84,19,33798,99.6,33935,1754,99.6,1761,2102,99.29,2117,9875,99.41,9934,18535,99.69,18592,4,100,4,51,100,476,99.79,477,51,8,100,8,5,100,5,1,100,1,48,100,48,1808,99.01,1826,895,99.89,896,249,99.6,250,3362,98.45,3415,4,100,4
GCA_42036805.1,GCA_042036805.1_mapping_stats.mapping_stats.txt,/hps/nobackup/flicek/ensembl/genebuild/ftricomi//hprc/hprc2_gb67/GCA_042036805.1/GCA_042036805.1_mapping_stats.mapping_stats.txt,373,90.75,411,225,94.94,237,1000,99.7,1003,7,36.84,19,33775,99.53,33935,1754,99.6,1761,2100,99.2,2117,9878,99.44,9934,18520,99.61,18592,4,100,4,49,96.08,476,99.79,477,51,8,100,8,5,100,5,1,100,1,48,100,48,1804,98.8,1826,894,99.78,896,250,100,250,3331,97.54,3415,4,100,4
GCA_42036795.1,GCA_042036795.1_mapping_stats.mapping_stats.txt,/hps/nobackup/flicek/ensembl/genebuild/ftricomi//hprc/hprc2_gb67/GCA_042036795.1/GCA_042036795.1_mapping_stats.mapping_stats.txt,371,90.27,411,230,97.05,237,1002,99.9,1003,7,36.84,19,33766,99.5,33935,1751,99.43,1761,2100,99.2,2117,9881,99.47,9934,18529,99.66,18592,4,100,4,51,100,476,99.79,477,51,8,100,8,5,100,5,1,100,1,48,100,48,1803,98.74,1826,892,99.55,896,249,99.6,250,3324,97.34,3415,4,100,4
GCA_42036925.1,GCA_042036925.1_mapping_stats.mapping_stats.txt,/hps/nobackup/flicek/ensembl/genebuild/ftricomi//hprc/hprc2_gb67/GCA_042036925.1/GCA_042036925.1_mapping_stats.mapping_stats.txt,378,91.97,411,233,98.31,237,1001,99.8,1003,7,36.84,19,33789,99.57,33935,1752,99.49,1761,2111,99.72,2117,9879,99.45,9934,18540,99.72,18592,4,100,4,51,100,477,100,477,51,8,100,8,5,100,5,1,100,1,48,100,48,1804,98.8,1826,895,99.89,896,249,99.6,250,3354,98.21,3415,3,75,4
GCA_46116065.1,GCA_046116065.1_mapping_stats.mapping_stats.txt,/hps/nobackup/flicek/ensembl/genebuild/jackt/hprc/hprc2_gb67_production/GCA_046116065.1/GCA_046116065.1_mapping_stats.mapping_stats.txt,390,94.89,411,222,93.67,237,997,99.4,1003,7,36.84,19,33787,99.56,33935,1754,99.6,1761,2108,99.57,2117,9881,99.47,9934,18521,99.62,18592,4,100,4,51,100,476,99.79,477,51,8,100,8,5,100,5,1,100,1,48,100,48,1809,99.07,1826,893,99.67,896,250,100,250,3344,97.92,3415,4,100,4
GCA_46116025.1,GCA_046116025.1_mapping_stats.mapping_stats.txt,/hps/nobackup/flicek/ensembl/genebuild/jackt/hprc/hprc2_gb67_production/GCA_046116025.1/GCA_046116025.1_mapping_stats.mapping_stats.txt,372,90.51,411,221,93.25,237,1016,99.8,1018,7,36.84,19,34460,99.64,34584,1870,99.63,1877,2198,99.5,2209,10463,99.58,10507,19319,99.68,19381,4,100,4,53,100,489,100,489,53,8,100,8,5,100,5,1,100,1,48,97.96,49,1875,99.05,1893,938,99.89,939,259,100,259,3249,98.13,3311,4,100,4
GCA_42076665.1,GCA_042076665.1_mapping_stats.mapping_stats.txt,/hps/nobackup/flicek/ensembl/genebuild/ftricomi//hprc/hprc2_gb67/GCA_042076665.1/GCA_042076665.1_mapping_stats.mapping_stats.txt,372,90.51,411,226,95.36,237,1016,99.8,1018,7,36.84,19,34422,99.53,34584,1866,99.41,1877,2193,99.28,2209,10450,99.46,10507,19304,99.6,19381,4,100,4,52,98.11,487,99.59,489,53,8,100,8,5,100,5,1,100,1,49,100,49,1876,99.1,1893,933,99.36,939,259,100,259,3231,97.58,3311,4,100,4
GCA_42076675.1,GCA_042076675.1_mapping_stats.mapping_stats.txt,/hps/nobackup/flicek/ensembl/genebuild/ftricomi//hprc/hprc2_gb67/GCA_042076675.1/GCA_042076675.1_mapping_stats.mapping_stats.txt,323,78.59,411,160,67.51,237,1014,99.61,1018,7,36.84,19,34387,99.43,34584,1868,99.52,1877,2196,99.41,2209,10434,99.31,10507,19295,99.56,19381,4,100,4,53,100,485,99.18,489,53,8,100,8,5,100,5,1,100,1,48,97.96,49,1872,98.89,1893,939,100,939,259,100,259,3229,97.52,3311,4,100,4
GCA_42076525.1,GCA_042076525.1_mapping_stats.mapping_stats.txt,/hps/nobackup/flicek/ensembl/genebuild/jackt/hprc/hprc2_gb23_production/GCA_042076525.1/GCA_042076525.1_mapping_stats.mapping_stats.txt,394,95.86,411,232,97.89,237,1002,99.9,1003,7,36.84,19,33802,99.61,33935,1753,99.55,1761,2107,99.53,2117,9894,99.6,9934,18525,99.64,18592,4,100,4,51,100,477,100,477,51,8,100,8,5,100,5,1,100,1,48,100,48,1800,98.58,1826,894,99.78,896,250,100,250,3363,98.48,3415,3,75,4
GCA_42076445.1,GCA_042076445.1_mapping_stats.mapping_stats.txt,/hps/nobackup/flicek/ensembl/genebuild/ftricomi//hprc/v2_missing_stats/GCA_042076445.1_mapping_stats.mapping_stats.txt,398,96.84,411,229,96.62,237,1001,99.8,1003,7,36.84,19,33769,99.51,33935,1747,99.2,1761,2103,99.34,2117,9875,99.41,9934,18526,99.65,18592,4,100,4,51,100,476,99.79,477,51,8,100,8,5,100,5,1,100,1,48,100,48,1806,98.9,1826,895,99.89,896,250,100,250,3337,97.72,3415,4,100,4
GCA_42076455.1,GCA_042076455.1_mapping_stats.mapping_stats.txt,/hps/nobackup/flicek/ensembl/genebuild/ftricomi//hprc/hprc2_gb67/GCA_042076455.1/GCA_042076455.1_mapping_stats.mapping_stats.txt,369,89.78,411,227,95.78,237,1000,99.7,1003,7,36.84,19,33735,99.41,33935,1750,99.38,1761,2105,99.43,2117,9865,99.31,9934,18517,99.6,18592,4,100,4,50,98.04,477,100,477,51,8,100,8,5,100,5,1,100,1,47,97.92,48,1808,99.01,1826,892,99.55,896,250,100,250,3316,97.1,3415,4,100,4
GCA_46056445.1,GCA_046056445.1_mapping_stats.mapping_stats.txt,/hps/nobackup/flicek/ensembl/genebuild/jackt/hprc/hprc2_gb67_production/GCA_046056445.1/GCA_046056445.1_mapping_stats.mapping_stats.txt,348,84.67,411,206,86.92,237,1016,99.8,1018,7,36.84,19,34403,99.48,34584,1863,99.25,1877,2195,99.37,2209,10431,99.28,10507,19309,99.63,19381,4,100,4,49,92.45,489,100,489,53,8,100,8,5,100,5,1,100,1,49,100,49,1877,99.15,1893,936,99.68,939,259,100,259,3220,97.25,3311,4,100,4
GCA_42078065.1,GCA_042078065.1_mapping_stats.mapping_stats.txt,/hps/nobackup/flicek/ensembl/genebuild/ftricomi//hprc/hprc2_gb67/GCA_042078065.1/GCA_042078065.1_mapping_stats.mapping_stats.txt,382,92.94,411,230,97.05,237,1001,99.8,1003,7,36.84,19,33765,99.5,33935,1749,99.32,1761,2101,99.24,2117,9883,99.49,9934,18522,99.62,18592,4,100,4,49,96.08,477,100,477,51,8,100,8,5,100,5,1,100,1,47,97.92,48,1809,99.07,1826,896,100,896,249,99.6,250,3335,97.66,3415,4,100,4
GCA_42078025.1,GCA_042078025.1_mapping_stats.mapping_stats.txt,/hps/nobackup/flicek/ensembl/genebuild/ftricomi//hprc/hprc2_gb67/GCA_042078025.1/GCA_042078025.1_mapping_stats.mapping_stats.txt,373,90.75,411,224,94.51,237,1015,99.71,1018,7,36.84,19,34396,99.46,34584,1864,99.31,1877,2195,99.37,2209,10446,99.42,10507,19250,99.32,19381,4,100,4,53,100,486,99.39,489,53,8,100,8,5,100,5,1,100,1,48,97.96,49,1876,99.1,1893,938,99.89,939,258,99.61,259,3235,97.7,3311,4,100,4
GCA_42078005.1,GCA_042078005.1_mapping_stats.mapping_stats.txt,/hps/nobackup/flicek/ensembl/genebuild/ftricomi//hprc/hprc2_gb67/GCA_042078005.1/GCA_042078005.1_mapping_stats.mapping_stats.txt,379,92.21,411,219,92.41,237,1016,99.8,1018,7,36.84,19,34409,99.49,34584,1863,99.25,1877,2193,99.28,2209,10450,99.46,10507,19311,99.64,19381,4,100,4,53,100,489,100,489,53,8,100,8,5,100,5,1,100,1,48,97.96,49,1876,99.1,1893,938,99.89,939,258,99.61,259,3236,97.73,3311,4,100,4
GCA_42077995.1,GCA_042077995.1_mapping_stats.mapping_stats.txt,/hps/nobackup/flicek/ensembl/genebuild/ftricomi//hprc/hprc2_gb67/GCA_042077995.1/GCA_042077995.1_mapping_stats.mapping_stats.txt,363,88.32,411,223,94.09,237,1016,99.8,1018,10,52.63,19,34403,99.48,34584,1864,99.31,1877,2199,99.55,2209,10419,99.16,10507,19306,99.61,19381,4,100,4,52,98.11,487,99.59,489,53,8,100,8,5,100,5,1,100,1,49,100,49,1874,99,1893,938,99.89,939,258,99.61,259,3222,97.31,3311,4,100,4
GCA_42077985.1,GCA_042077985.1_mapping_stats.mapping_stats.txt,/hps/nobackup/flicek/ensembl/genebuild/ftricomi//hprc/hprc2_gb67/GCA_042077985.1/GCA_042077985.1_mapping_stats.mapping_stats.txt,402,97.81,411,235,99.16,237,1017,99.9,1018,10,52.63,19,34430,99.55,34584,1870,99.63,1877,2194,99.32,2209,10451,99.47,10507,19310,99.63,19381,3,75,4,53,100,488,99.8,489,53,8,100,8,5,100,5,1,100,1,49,100,49,1874,99,1893,936,99.68,939,258,99.61,259,3230,97.55,3311,4,100,4
GCA_42077965.1,GCA_042077965.1_mapping_stats.mapping_stats.txt,/hps/nobackup/flicek/ensembl/genebuild/ftricomi//hprc/hprc2_gb67/GCA_042077965.1/GCA_042077965.1_mapping_stats.mapping_stats.txt,343,83.45,411,207,87.34,237,1000,99.7,1003,7,36.84,19,33759,99.48,33935,1748,99.26,1761,2107,99.53,2117,9881,99.47,9934,18527,99.65,18592,1,25,4,51,100,476,99.79,477,51,8,100,8,5,100,5,1,100,1,48,100,48,1803,98.74,1826,895,99.89,896,250,100,250,3331,97.54,3415,4,100,4
GCA_42077865.1,GCA_042077865.1_mapping_stats.mapping_stats.txt,/hps/nobackup/flicek/ensembl/genebuild/ftricomi//hprc/hprc2_gb67/GCA_042077865.1/GCA_042077865.1_mapping_stats.mapping_stats.txt,374,91,411,223,94.09,237,1017,99.9,1018,8,42.11,19,34421,99.53,34584,1864,99.31,1877,2197,99.46,2209,10446,99.42,10507,19299,99.58,19381,4,100,4,51,96.23,487,99.59,489,53,8,100,8,5,100,5,1,100,1,49,100,49,1876,99.1,1893,939,100,939,258,99.61,259,3226,97.43,3311,4,100,4
GCA_42077015.1,GCA_042077015.1_mapping_stats.mapping_stats.txt,/hps/nobackup/flicek/ensembl/genebuild/ftricomi//hprc/hprc2_gb67/GCA_042077015.1/GCA_042077015.1_mapping_stats.mapping_stats.txt,374,91,411,232,97.89,237,1002,99.9,1003,7,36.84,19,33774,99.53,33935,1748,99.26,1761,2105,99.43,2117,9885,99.51,9934,18516,99.59,18592,3,75,4,51,100,475,99.58,477,51,8,100,8,5,100,5,1,100,1,48,100,48,1800,98.58,1826,896,100,896,250,100,250,3337,97.72,3415,4,100,4
GCA_42076995.1,GCA_042076995.1_mapping_stats.mapping_stats.txt,/hps/nobackup/flicek/ensembl/genebuild/ftricomi//hprc/v2_missing_stats/GCA_042076995.1_mapping_stats.mapping_stats.txt,361,87.83,411,224,94.51,237,1016,99.8,1018,7,36.84,19,34433,99.56,34584,1859,99.04,1877,2193,99.28,2209,10454,99.5,10507,19312,99.64,19381,4,100,4,53,100,489,100,489,53,8,100,8,5,100,5,1,100,1,48,97.96,49,1877,99.15,1893,939,100,939,258,99.61,259,3235,97.7,3311,4,100,4
GCA_42077705.1,GCA_042077705.1_mapping_stats.mapping_stats.txt,/hps/nobackup/flicek/ensembl/genebuild/jackt/hprc/hprc2_gb23_production/GCA_042077705.1/GCA_042077705.1_mapping_stats.mapping_stats.txt,366,89.05,411,213,89.87,237,1012,99.41,1018,10,52.63,19,34395,99.45,34584,1871,99.68,1877,2200,99.59,2209,10447,99.43,10507,19299,99.58,19381,4,100,4,52,98.11,488,99.8,489,53,8,100,8,5,100,5,1,100,1,47,95.92,49,1872,98.89,1893,936,99.68,939,259,100,259,3238,97.8,3311,4,100,4
GCA_42076985.1,GCA_042076985.1_mapping_stats.mapping_stats.txt,/hps/nobackup/flicek/ensembl/genebuild/ftricomi//hprc/v2_missing_stats/GCA_042076985.1_mapping_stats.mapping_stats.txt,361,87.83,411,225,94.94,237,1015,99.71,1018,8,42.11,19,34425,99.54,34584,1863,99.25,1877,2196,99.41,2209,10442,99.38,10507,19303,99.6,19381,4,100,4,53,100,488,99.8,489,53,8,100,8,5,100,5,1,100,1,48,97.96,49,1878,99.21,1893,933,99.36,939,257,99.23,259,3243,97.95,3311,4,100,4
GCA_42077695.1,GCA_042077695.1_mapping_stats.mapping_stats.txt,/hps/nobackup/flicek/ensembl/genebuild/ftricomi//hprc/hprc2_gb67/GCA_042077695.1/GCA_042077695.1_mapping_stats.mapping_stats.txt,366,89.05,411,206,86.92,237,1014,99.61,1018,7,36.84,19,34425,99.54,34584,1870,99.63,1877,2200,99.59,2209,10442,99.38,10507,19309,99.63,19381,4,100,4,52,98.11,488,99.8,489,53,8,100,8,5,100,5,1,100,1,49,100,49,1875,99.05,1893,932,99.25,939,259,100,259,3239,97.83,3311,4,100,4
GCA_42077635.1,GCA_042077635.1_mapping_stats.mapping_stats.txt,/hps/nobackup/flicek/ensembl/genebuild/ftricomi//hprc/hprc2_gb67/GCA_042077635.1/GCA_042077635.1_mapping_stats.mapping_stats.txt,350,85.16,411,204,86.08,237,1017,99.9,1018,7,36.84,19,34395,99.45,34584,1865,99.36,1877,2201,99.64,2209,10444,99.4,10507,19300,99.58,19381,4,100,4,51,96.23,487,99.59,489,53,8,100,8,5,100,5,1,100,1,49,100,49,1871,98.84,1893,934,99.47,939,258,99.61,259,3244,97.98,3311,4,100,4
GCA_42076925.1,GCA_042076925.1_mapping_stats.mapping_stats.txt,/hps/nobackup/flicek/ensembl/genebuild/ftricomi//hprc/hprc2_gb67/GCA_042076925.1/GCA_042076925.1_mapping_stats.mapping_stats.txt,397,96.59,411,229,96.62,237,1016,99.8,1018,7,36.84,19,34422,99.53,34584,1869,99.57,1877,2197,99.46,2209,10454,99.5,10507,19305,99.61,19381,4,100,4,52,98.11,488,99.8,489,53,8,100,8,5,100,5,1,100,1,48,97.96,49,1874,99,1893,936,99.68,939,259,100,259,3246,98.04,3311,4,100,4
GCA_42077605.1,GCA_042077605.1_mapping_stats.mapping_stats.txt,/hps/nobackup/flicek/ensembl/genebuild/ftricomi//hprc/hprc2_gb67/GCA_042077605.1/GCA_042077605.1_mapping_stats.mapping_stats.txt,388,94.4,411,225,94.94,237,1017,99.9,1018,7,36.84,19,34411,99.5,34584,1867,99.47,1877,2197,99.46,2209,10446,99.42,10507,19295,99.56,19381,3,75,4,52,98.11,488,99.8,489,53,8,100,8,5,100,5,1,100,1,48,97.96,49,1881,99.37,1893,939,100,939,258,99.61,259,3230,97.55,3311,4,100,4
GCA_42077095.1,GCA_042077095.1_mapping_stats.mapping_stats.txt,/hps/nobackup/flicek/ensembl/genebuild/ftricomi//hprc/hprc2_gb67/GCA_042077095.1/GCA_042077095.1_mapping_stats.mapping_stats.txt,352,85.64,411,220,92.83,237,1015,99.71,1018,8,42.11,19,34389,99.44,34584,1855,98.83,1877,2184,98.87,2209,10434,99.31,10507,19266,99.41,19381,4,100,4,51,96.23,488,99.8,489,53,8,100,8,5,100,5,1,100,1,48,97.96,49,1875,99.05,1893,938,99.89,939,255,98.46,259,3219,97.22,3311,4,100,4
GCA_42077625.1,GCA_042077625.1_mapping_stats.mapping_stats.txt,/hps/nobackup/flicek/ensembl/genebuild/ftricomi//hprc/hprc2_gb67/GCA_042077625.1/GCA_042077625.1_mapping_stats.mapping_stats.txt,325,79.08,411,206,86.92,237,1001,99.8,1003,7,36.84,19,33771,99.52,33935,1753,99.55,1761,2101,99.24,2117,9858,99.23,9934,18507,99.54,18592,4,100,4,51,100,475,99.58,477,51,8,100,8,5,100,5,1,100,1,47,97.92,48,1811,99.18,1826,893,99.67,896,250,100,250,3309,96.9,3415,4,100,4
GCA_42077615.1,GCA_042077615.1_mapping_stats.mapping_stats.txt,/hps/nobackup/flicek/ensembl/genebuild/ftricomi//hprc/hprc2_gb67/GCA_042077615.1/GCA_042077615.1_mapping_stats.mapping_stats.txt,335,81.51,411,196,82.7,237,1001,99.8,1003,7,36.84,19,33747,99.45,33935,1749,99.32,1761,2108,99.57,2117,9868,99.34,9934,18523,99.63,18592,4,100,4,50,98.04,477,100,477,51,8,100,8,5,100,5,1,100,1,48,100,48,1810,99.12,1826,892,99.55,896,249,99.6,250,3332,97.57,3415,4,100,4
GCA_42077595.1,GCA_042077595.1_mapping_stats.mapping_stats.txt,/hps/nobackup/flicek/ensembl/genebuild/ftricomi//hprc/hprc2_gb67/GCA_042077595.1/GCA_042077595.1_mapping_stats.mapping_stats.txt,389,94.65,411,226,95.36,237,998,99.5,1003,7,36.84,19,33734,99.41,33935,1750,99.38,1761,2099,99.15,2117,9884,99.5,9934,18513,99.58,18592,4,100,4,50,98.04,476,99.79,477,51,8,100,8,5,100,5,1,100,1,48,100,48,1808,99.01,1826,893,99.67,896,249,99.6,250,3331,97.54,3415,4,100,4
GCA_42077575.1,GCA_042077575.1_mapping_stats.mapping_stats.txt,/hps/nobackup/flicek/ensembl/genebuild/ftricomi//hprc/hprc2_gb67/GCA_042077575.1/GCA_042077575.1_mapping_stats.mapping_stats.txt,377,91.73,411,232,97.89,237,1000,99.7,1003,7,36.84,19,33785,99.56,33935,1752,99.49,1761,2110,99.67,2117,9887,99.53,9934,18529,99.66,18592,4,100,4,50,98.04,476,99.79,477,51,8,100,8,5,100,5,1,100,1,48,100,48,1805,98.85,1826,895,99.89,896,250,100,250,3358,98.33,3415,4,100,4
GCA_42077505.1,GCA_042077505.1_mapping_stats.mapping_stats.txt,/hps/nobackup/flicek/ensembl/genebuild/ftricomi//hprc/hprc2_gb67/GCA_042077505.1/GCA_042077505.1_mapping_stats.mapping_stats.txt,347,84.43,411,216,91.14,237,1015,99.71,1018,7,36.84,19,34396,99.46,34584,1863,99.25,1877,2195,99.37,2209,10434,99.31,10507,19277,99.46,19381,4,100,4,51,96.23,488,99.8,489,53,8,100,8,5,100,5,1,100,1,49,100,49,1874,99,1893,937,99.79,939,259,100,259,3199,96.62,3311,4,100,4
GCA_42077495.1,GCA_042077495.1_mapping_stats.mapping_stats.txt,/hps/nobackup/flicek/ensembl/genebuild/ftricomi//hprc/hprc2_gb67/GCA_042077495.1/GCA_042077495.1_mapping_stats.mapping_stats.txt,349,84.91,411,198,83.54,237,1016,99.8,1018,7,36.84,19,34382,99.42,34584,1864,99.31,1877,2193,99.28,2209,10418,99.15,10507,19285,99.5,19381,4,100,4,53,100,487,99.59,489,53,8,100,8,5,100,5,1,100,1,47,95.92,49,1876,99.1,1893,938,99.89,939,258,99.61,259,3220,97.25,3311,4,100,4
GCA_42076855.1,GCA_042076855.1_mapping_stats.mapping_stats.txt,/hps/nobackup/flicek/ensembl/genebuild/ftricomi//hprc/hprc2_gb67/GCA_042076855.1/GCA_042076855.1_mapping_stats.mapping_stats.txt,372,90.51,411,235,99.16,237,1000,99.7,1003,7,36.84,19,33773,99.52,33935,1750,99.38,1761,2105,99.43,2117,9880,99.46,9934,18519,99.61,18592,2,50,4,51,100,475,99.58,477,51,8,100,8,5,100,5,1,100,1,48,100,48,1814,99.34,1826,894,99.78,896,250,100,250,3356,98.27,3415,4,100,4
GCA_42077085.1,GCA_042077085.1_mapping_stats.mapping_stats.txt,/hps/nobackup/flicek/ensembl/genebuild/ftricomi//hprc/hprc2_gb67/GCA_042077085.1/GCA_042077085.1_mapping_stats.mapping_stats.txt,369,89.78,411,232,97.89,237,1002,99.9,1003,7,36.84,19,33761,99.49,33935,1749,99.32,1761,2101,99.24,2117,9875,99.41,9934,18499,99.5,18592,4,100,4,48,94.12,476,99.79,477,51,8,100,8,5,100,5,1,100,1,47,97.92,48,1812,99.23,1826,894,99.78,896,247,98.8,250,3322,97.28,3415,4,100,4
GCA_42077485.1,GCA_042077485.1_mapping_stats.mapping_stats.txt,/hps/nobackup/flicek/ensembl/genebuild/ftricomi//hprc/hprc2_gb67/GCA_042077485.1/GCA_042077485.1_mapping_stats.mapping_stats.txt,352,85.64,411,214,90.3,237,999,99.6,1003,7,36.84,19,33766,99.5,33935,1747,99.2,1761,2100,99.2,2117,9880,99.46,9934,18525,99.64,18592,4,100,4,49,96.08,477,100,477,51,8,100,8,5,100,5,1,100,1,48,100,48,1809,99.07,1826,893,99.67,896,249,99.6,250,3314,97.04,3415,4,100,4
GCA_42077025.1,GCA_042077025.1_mapping_stats.mapping_stats.txt,/hps/nobackup/flicek/ensembl/genebuild/ftricomi//hprc/hprc2_gb67/GCA_042077025.1/GCA_042077025.1_mapping_stats.mapping_stats.txt,365,88.81,411,219,92.41,237,1001,99.8,1003,7,36.84,19,33738,99.42,33935,1746,99.15,1761,2106,99.48,2117,9882,99.48,9934,18518,99.6,18592,3,75,4,51,100,474,99.37,477,51,8,100,8,5,100,5,1,100,1,48,100,48,1804,98.8,1826,889,99.22,896,250,100,250,3353,98.18,3415,4,100,4
GCA_42077005.1,GCA_042077005.1_mapping_stats.mapping_stats.txt,/hps/nobackup/flicek/ensembl/genebuild/ftricomi//hprc/hprc2_gb67/GCA_042077005.1/GCA_042077005.1_mapping_stats.mapping_stats.txt,370,90.02,411,227,95.78,237,1018,100,1018,10,52.63,19,34458,99.64,34584,1858,98.99,1877,2198,99.5,2209,10451,99.47,10507,19318,99.67,19381,4,100,4,52,98.11,487,99.59,489,53,8,100,8,5,100,5,1,100,1,49,100,49,1872,98.89,1893,937,99.79,939,259,100,259,3243,97.95,3311,4,100,4
GCA_42077475.1,GCA_042077475.1_mapping_stats.mapping_stats.txt,/hps/nobackup/flicek/ensembl/genebuild/ftricomi//hprc/hprc2_gb67/GCA_042077475.1/GCA_042077475.1_mapping_stats.mapping_stats.txt,395,96.11,411,224,94.51,237,1018,100,1018,7,36.84,19,34445,99.6,34584,1872,99.73,1877,2202,99.68,2209,10459,99.54,10507,19310,99.63,19381,4,100,4,52,98.11,487,99.59,489,53,8,100,8,5,100,5,1,100,1,49,100,49,1871,98.84,1893,937,99.79,939,259,100,259,3230,97.55,3311,4,100,4
GCA_46043155.1,GCA_046043155.1_mapping_stats.mapping_stats.txt,/hps/nobackup/flicek/ensembl/genebuild/jackt/hprc/hprc2_gb67_production/GCA_046043155.1/GCA_046043155.1_mapping_stats.mapping_stats.txt,372,90.51,411,233,98.31,237,1000,99.7,1003,8,42.11,19,33785,99.56,33935,1755,99.66,1761,2105,99.43,2117,9883,99.49,9934,18522,99.62,18592,4,100,4,51,100,476,99.79,477,51,8,100,8,5,100,5,1,100,1,48,100,48,1804,98.8,1826,893,99.67,896,250,100,250,3346,97.98,3415,4,100,4
GCA_45523115.1,GCA_045523115.1_mapping_stats.mapping_stats.txt,/hps/nobackup/flicek/ensembl/genebuild/jackt/hprc/hprc2_gb67_production/GCA_045523115.1/GCA_045523115.1_mapping_stats.mapping_stats.txt,355,86.37,411,211,89.03,237,1001,99.8,1003,7,36.84,19,33804,99.61,33935,1753,99.55,1761,2103,99.34,2117,9888,99.54,9934,18525,99.64,18592,2,50,4,48,94.12,476,99.79,477,51,8,100,8,5,100,5,1,100,1,48,100,48,1812,99.23,1826,894,99.78,896,250,100,250,3338,97.75,3415,4,100,4
GCA_45523135.1,GCA_045523135.1_mapping_stats.mapping_stats.txt,/hps/nobackup/flicek/ensembl/genebuild/jackt/hprc/hprc2_gb67_production/GCA_045523135.1/GCA_045523135.1_mapping_stats.mapping_stats.txt,351,85.4,411,206,86.92,237,1014,99.61,1018,7,36.84,19,34451,99.62,34584,1863,99.25,1877,2195,99.37,2209,10451,99.47,10507,19323,99.7,19381,4,100,4,53,100,488,99.8,489,53,8,100,8,5,100,5,1,100,1,49,100,49,1878,99.21,1893,938,99.89,939,258,99.61,259,3245,98.01,3311,4,100,4
GCA_45524125.1,GCA_045524125.1_mapping_stats.mapping_stats.txt,/hps/nobackup/flicek/ensembl/genebuild/jackt/hprc/hprc2_gb67_production/GCA_045524125.1/GCA_045524125.1_mapping_stats.mapping_stats.txt,365,88.81,411,213,89.87,237,1001,99.8,1003,7,36.84,19,33782,99.55,33935,1746,99.15,1761,2107,99.53,2117,9875,99.41,9934,18516,99.59,18592,4,100,4,46,90.2,476,99.79,477,51,8,100,8,5,100,5,1,100,1,48,100,48,1802,98.69,1826,895,99.89,896,250,100,250,3342,97.86,3415,4,100,4
GCA_45524245.1,GCA_045524245.1_mapping_stats.mapping_stats.txt,/hps/nobackup/flicek/ensembl/genebuild/jackt/hprc/hprc2_gb67_production/GCA_045524245.1/GCA_045524245.1_mapping_stats.mapping_stats.txt,373,90.75,411,235,99.16,237,1002,99.9,1003,7,36.84,19,33795,99.59,33935,1751,99.43,1761,2108,99.57,2117,9890,99.56,9934,18536,99.7,18592,4,100,4,50,98.04,477,100,477,51,8,100,8,5,100,5,1,100,1,48,100,48,1812,99.23,1826,893,99.67,896,249,99.6,250,3350,98.1,3415,4,100,4
GCA_45523085.1,GCA_045523085.1_mapping_stats.mapping_stats.txt,/hps/nobackup/flicek/ensembl/genebuild/jackt/hprc/hprc2_gb67_production/GCA_045523085.1/GCA_045523085.1_mapping_stats.mapping_stats.txt,359,87.35,411,216,91.14,237,1017,99.9,1018,7,36.84,19,34466,99.66,34584,1864,99.31,1877,2199,99.55,2209,10460,99.55,10507,19322,99.7,19381,4,100,4,53,100,489,100,489,53,8,100,8,5,100,5,1,100,1,49,100,49,1878,99.21,1893,939,100,939,259,100,259,3267,98.67,3311,4,100,4
GCA_18504645.2,GCA_018504645.2_mapping_stats.mapping_stats.txt,/hps/nobackup/flicek/ensembl/genebuild/jackt/hprc/hprc2_gb67_production/GCA_018504645.2/GCA_018504645.2_mapping_stats.mapping_stats.txt,393,95.62,411,224,94.51,237,1002,99.9,1003,7,36.84,19,33829,99.69,33935,1753,99.55,1761,2107,99.53,2117,9893,99.59,9934,18541,99.73,18592,4,100,4,50,98.04,477,100,477,51,8,100,8,5,100,5,1,100,1,48,100,48,1810,99.12,1826,896,100,896,249,99.6,250,3359,98.36,3415,4,100,4
GCA_18505855.2,GCA_018505855.2_mapping_stats.mapping_stats.txt,/hps/nobackup/flicek/ensembl/genebuild/jackt/hprc/hprc2_gb67_production/GCA_018505855.2/GCA_018505855.2_mapping_stats.mapping_stats.txt,401,97.57,411,235,99.16,237,1000,99.7,1003,7,36.84,19,33794,99.58,33935,1750,99.38,1761,2108,99.57,2117,9879,99.45,9934,18532,99.68,18592,4,100,4,50,98.04,476,99.79,477,51,8,100,8,5,100,5,1,100,1,47,97.92,48,1807,98.96,1826,893,99.67,896,250,100,250,3343,97.89,3415,4,100,4
GCA_18504055.2,GCA_018504055.2_mapping_stats.mapping_stats.txt,/hps/nobackup/flicek/ensembl/genebuild/jackt/hprc/hprc2_gb67_production/GCA_018504055.2/GCA_018504055.2_mapping_stats.mapping_stats.txt,356,86.62,411,221,93.25,237,1016,99.8,1018,7,36.84,19,34467,99.66,34584,1870,99.63,1877,2194,99.32,2209,10473,99.68,10507,19317,99.67,19381,4,100,4,52,98.11,489,100,489,53,8,100,8,5,100,5,1,100,1,47,95.92,49,1878,99.21,1893,938,99.89,939,259,100,259,3262,98.52,3311,4,100,4
GCA_18505865.2,GCA_018505865.2_mapping_stats.mapping_stats.txt,/hps/nobackup/flicek/ensembl/genebuild/jackt/hprc/hprc2_gb67_production/GCA_018505865.2/GCA_018505865.2_mapping_stats.mapping_stats.txt,400,97.32,411,229,96.62,237,1015,99.71,1018,7,36.84,19,34404,99.48,34584,1865,99.36,1877,2201,99.64,2209,10448,99.44,10507,19303,99.6,19381,4,100,4,53,100,489,100,489,53,8,100,8,5,100,5,1,100,1,49,100,49,1876,99.1,1893,937,99.79,939,258,99.61,259,3232,97.61,3311,4,100,4
GCA_18504075.2,GCA_018504075.2_mapping_stats.mapping_stats.txt,/hps/nobackup/flicek/ensembl/genebuild/jackt/hprc/hprc2_gb67_production/GCA_018504075.2/GCA_018504075.2_mapping_stats.mapping_stats.txt,389,94.65,411,229,96.62,237,1017,99.9,1018,7,36.84,19,34440,99.58,34584,1865,99.36,1877,2196,99.41,2209,10466,99.61,10507,19316,99.66,19381,4,100,4,53,100,489,100,489,53,8,100,8,5,100,5,1,100,1,49,100,49,1880,99.31,1893,938,99.89,939,258,99.61,259,3251,98.19,3311,4,100,4
GCA_18503575.2,GCA_018503575.2_mapping_stats.mapping_stats.txt,/hps/nobackup/flicek/ensembl/genebuild/jackt/hprc/hprc2_gb67_production/GCA_018503575.2/GCA_018503575.2_mapping_stats.mapping_stats.txt,350,85.16,411,222,93.67,237,1017,99.9,1018,7,36.84,19,34457,99.63,34584,1866,99.41,1877,2198,99.5,2209,10451,99.47,10507,19328,99.73,19381,4,100,4,52,98.11,488,99.8,489,53,8,100,8,5,100,5,1,100,1,49,100,49,1881,99.37,1893,938,99.89,939,258,99.61,259,3249,98.13,3311,4,100,4
GCA_18506155.2,GCA_018506155.2_mapping_stats.mapping_stats.txt,/hps/nobackup/flicek/ensembl/genebuild/jackt/hprc/hprc2_gb67_production/GCA_018506155.2/GCA_018506155.2_mapping_stats.mapping_stats.txt,369,89.78,411,226,95.36,237,1001,99.8,1003,7,36.84,19,33778,99.54,33935,1752,99.49,1761,2103,99.34,2117,9875,99.41,9934,18528,99.66,18592,4,100,4,49,96.08,477,100,477,51,8,100,8,5,100,5,1,100,1,47,97.92,48,1808,99.01,1826,892,99.55,896,249,99.6,250,3335,97.66,3415,4,100,4
GCA_18503245.2,GCA_018503245.2_mapping_stats.mapping_stats.txt,/hps/nobackup/flicek/ensembl/genebuild/jackt/hprc/hprc2_gb67_production/GCA_018503245.2/GCA_018503245.2_mapping_stats.mapping_stats.txt,397,96.59,411,234,98.73,237,1016,99.8,1018,7,36.84,19,34444,99.6,34584,1869,99.57,1877,2200,99.59,2209,10446,99.42,10507,19308,99.62,19381,4,100,4,52,98.11,489,100,489,53,8,100,8,5,100,5,1,100,1,49,100,49,1881,99.37,1893,934,99.47,939,258,99.61,259,3243,97.95,3311,4,100,4
GCA_18503285.2,GCA_018503285.2_mapping_stats.mapping_stats.txt,/hps/nobackup/flicek/ensembl/genebuild/jackt/hprc/hprc2_gb67_production/GCA_018503285.2/GCA_018503285.2_mapping_stats.mapping_stats.txt,387,94.16,411,231,97.47,237,1017,99.9,1018,7,36.84,19,34458,99.64,34584,1870,99.63,1877,2198,99.5,2209,10449,99.45,10507,19333,99.75,19381,4,100,4,53,100,489,100,489,53,8,100,8,5,100,5,1,100,1,48,97.96,49,1875,99.05,1893,938,99.89,939,258,99.61,259,3251,98.19,3311,4,100,4
GCA_18504625.2,GCA_018504625.2_mapping_stats.mapping_stats.txt,/hps/nobackup/flicek/ensembl/genebuild/jackt/hprc/hprc2_gb67_production/GCA_018504625.2/GCA_018504625.2_mapping_stats.mapping_stats.txt,367,89.29,411,220,92.83,237,1016,99.8,1018,7,36.84,19,34445,99.6,34584,1867,99.47,1877,2203,99.73,2209,10467,99.62,10507,19338,99.78,19381,4,100,4,52,98.11,489,100,489,53,8,100,8,5,100,5,1,100,1,49,100,49,1879,99.26,1893,938,99.89,939,259,100,259,3259,98.43,3311,4,100,4
GCA_18504665.2,GCA_018504665.2_mapping_stats.mapping_stats.txt,/hps/nobackup/flicek/ensembl/genebuild/jackt/hprc/hprc2_gb67_production/GCA_018504665.2/GCA_018504665.2_mapping_stats.mapping_stats.txt,353,85.89,411,195,82.28,237,1017,99.9,1018,7,36.84,19,34458,99.64,34584,1871,99.68,1877,2202,99.68,2209,10451,99.47,10507,19327,99.72,19381,4,100,4,52,98.11,488,99.8,489,53,8,100,8,5,100,5,1,100,1,49,100,49,1877,99.15,1893,938,99.89,939,259,100,259,3253,98.25,3311,4,100,4
GCA_18506955.2,GCA_018506955.2_mapping_stats.mapping_stats.txt,/hps/nobackup/flicek/ensembl/genebuild/jackt/hprc/hprc2_gb67_production/GCA_018506955.2/GCA_018506955.2_mapping_stats.mapping_stats.txt,394,95.86,411,230,97.05,237,1018,100,1018,7,36.84,19,34454,99.62,34584,1869,99.57,1877,2197,99.46,2209,10469,99.64,10507,19339,99.78,19381,4,100,4,52,98.11,489,100,489,53,8,100,8,5,100,5,1,100,1,49,100,49,1878,99.21,1893,937,99.79,939,259,100,259,3254,98.28,3311,4,100,4
GCA_18504045.2,GCA_018504045.2_mapping_stats.mapping_stats.txt,/hps/nobackup/flicek/ensembl/genebuild/jackt/hprc/hprc2_gb67_production/GCA_018504045.2/GCA_018504045.2_mapping_stats.mapping_stats.txt,368,89.54,411,224,94.51,237,1002,99.9,1003,7,36.84,19,33796,99.59,33935,1754,99.6,1761,2110,99.67,2117,9894,99.6,9934,18544,99.74,18592,4,100,4,49,96.08,477,100,477,51,8,100,8,5,100,5,1,100,1,48,100,48,1804,98.8,1826,895,99.89,896,250,100,250,3353,98.18,3415,4,100,4
GCA_18503265.2,GCA_018503265.2_mapping_stats.mapping_stats.txt,/hps/nobackup/flicek/ensembl/genebuild/jackt/hprc/hprc2_gb67_production/GCA_018503265.2/GCA_018503265.2_mapping_stats.mapping_stats.txt,374,91,411,228,96.2,237,1015,99.71,1018,8,42.11,19,34445,99.6,34584,1862,99.2,1877,2194,99.32,2209,10463,99.58,10507,19320,99.69,19381,4,100,4,52,98.11,488,99.8,489,53,8,100,8,5,100,5,1,100,1,48,97.96,49,1884,99.52,1893,939,100,939,257,99.23,259,3235,97.7,3311,4,100,4
GCA_18506945.2,GCA_018506945.2_mapping_stats.mapping_stats.txt,/hps/nobackup/flicek/ensembl/genebuild/jackt/hprc/hprc2_gb67_production/GCA_018506945.2/GCA_018506945.2_mapping_stats.mapping_stats.txt,385,93.67,411,221,93.25,237,1001,99.8,1003,7,36.84,19,33785,99.56,33935,1755,99.66,1761,2109,99.62,2117,9894,99.6,9934,18533,99.68,18592,4,100,4,50,98.04,477,100,477,51,8,100,8,5,100,5,1,100,1,48,100,48,1805,98.85,1826,895,99.89,896,250,100,250,3359,98.36,3415,4,100,4
GCA_44165215.1,GCA_044165215.1_mapping_stats.mapping_stats.txt,/hps/nobackup/flicek/ensembl/genebuild/jackt/hprc/hprc2_gb67_production/GCA_044165215.1/GCA_044165215.1_mapping_stats.mapping_stats.txt,381,92.7,411,223,94.09,237,1018,100,1018,7,36.84,19,34489,99.73,34584,1870,99.63,1877,2204,99.77,2209,10468,99.63,10507,19334,99.76,19381,3,75,4,53,100,489,100,489,53,8,100,8,5,100,5,1,100,1,49,100,49,1878,99.21,1893,936,99.68,939,258,99.61,259,3264,98.58,3311,4,100,4
GCA_44165645.1,GCA_044165645.1_mapping_stats.mapping_stats.txt,/hps/nobackup/flicek/ensembl/genebuild/jackt/hprc/hprc2_gb67_production/GCA_044165645.1/GCA_044165645.1_mapping_stats.mapping_stats.txt,404,98.3,411,234,98.73,237,1018,100,1018,7,36.84,19,34454,99.62,34584,1866,99.41,1877,2197,99.46,2209,10463,99.58,10507,19334,99.76,19381,4,100,4,53,100,489,100,489,53,8,100,8,5,100,5,1,100,1,49,100,49,1880,99.31,1893,938,99.89,939,259,100,259,3252,98.22,3311,4,100,4
GCA_44166805.1,GCA_044166805.1_mapping_stats.mapping_stats.txt,/hps/nobackup/flicek/ensembl/genebuild/jackt/hprc/hprc2_gb67_production/GCA_044166805.1/GCA_044166805.1_mapping_stats.mapping_stats.txt,379,92.21,411,234,98.73,237,1013,99.51,1018,10,52.63,19,34417,99.52,34584,1868,99.52,1877,2201,99.64,2209,10430,99.27,10507,19330,99.74,19381,4,100,4,53,100,470,96.11,489,53,8,100,8,5,100,5,1,100,1,49,100,49,1876,99.1,1893,938,99.89,939,258,99.61,259,3233,97.64,3311,4,100,4
GCA_44166515.1,GCA_044166515.1_mapping_stats.mapping_stats.txt,/hps/nobackup/flicek/ensembl/genebuild/jackt/hprc/hprc2_gb67_production/GCA_044166515.1/GCA_044166515.1_mapping_stats.mapping_stats.txt,377,91.73,411,227,95.78,237,1009,99.12,1018,8,42.11,19,34414,99.51,34584,1865,99.36,1877,2197,99.46,2209,10458,99.53,10507,19308,99.62,19381,4,100,4,52,98.11,489,100,489,53,8,100,8,5,100,5,1,100,1,47,95.92,49,1877,99.15,1893,935,99.57,939,258,99.61,259,3254,98.28,3311,4,100,4
GCA_44166575.1,GCA_044166575.1_mapping_stats.mapping_stats.txt,/hps/nobackup/flicek/ensembl/genebuild/jackt/hprc/hprc2_gb67_production/GCA_044166575.1/GCA_044166575.1_mapping_stats.mapping_stats.txt,377,91.73,411,230,97.05,237,1001,99.8,1003,10,52.63,19,33796,99.59,33935,1751,99.43,1761,2105,99.43,2117,9882,99.48,9934,18522,99.62,18592,4,100,4,51,100,476,99.79,477,51,8,100,8,5,100,5,1,100,1,48,100,48,1807,98.96,1826,895,99.89,896,250,100,250,3339,97.77,3415,4,100,4
GCA_44166765.1,GCA_044166765.1_mapping_stats.mapping_stats.txt,/hps/nobackup/flicek/ensembl/genebuild/jackt/hprc/hprc2_gb45_production/GCA_044166765.1/GCA_044166765.1_mapping_stats.mapping_stats.txt,391,95.13,411,230,97.05,237,1017,99.9,1018,7,36.84,19,34425,99.54,34584,1871,99.68,1877,2192,99.23,2209,10447,99.43,10507,19308,99.62,19381,2,50,4,51,96.23,488,99.8,489,53,8,100,8,5,100,5,1,100,1,49,100,49,1878,99.21,1893,939,100,939,259,100,259,3238,97.8,3311,4,100,4
GCA_44167235.1,GCA_044167235.1_mapping_stats.mapping_stats.txt,/hps/nobackup/flicek/ensembl/genebuild/jackt/hprc/hprc2_gb45_production/GCA_044167235.1/GCA_044167235.1_mapping_stats.mapping_stats.txt,405,98.54,411,231,97.47,237,1015,99.71,1018,7,36.84,19,34439,99.58,34584,1868,99.52,1877,2198,99.5,2209,10453,99.49,10507,19324,99.71,19381,4,100,4,52,98.11,489,100,489,53,8,100,8,5,100,5,1,100,1,49,100,49,1878,99.21,1893,933,99.36,939,258,99.61,259,3242,97.92,3311,4,100,4
GCA_44167135.1,GCA_044167135.1_mapping_stats.mapping_stats.txt,/hps/nobackup/flicek/ensembl/genebuild/jackt/hprc/hprc2_gb45_production/GCA_044167135.1/GCA_044167135.1_mapping_stats.mapping_stats.txt,354,86.13,411,218,91.98,237,1001,99.8,1003,10,52.63,19,33763,99.49,33935,1744,99.03,1761,2101,99.24,2117,9870,99.36,9934,18514,99.58,18592,4,100,4,51,100,476,99.79,477,51,8,100,8,5,100,5,1,100,1,47,97.92,48,1804,98.8,1826,896,100,896,248,99.2,250,3326,97.39,3415,4,100,4
GCA_44165925.1,GCA_044165925.1_mapping_stats.mapping_stats.txt,/hps/nobackup/flicek/ensembl/genebuild/jackt/hprc/hprc2_gb45_production/GCA_044165925.1/GCA_044165925.1_mapping_stats.mapping_stats.txt,378,91.97,411,217,91.56,237,1014,99.61,1018,7,36.84,19,34430,99.55,34584,1865,99.36,1877,2193,99.28,2209,10438,99.34,10507,19302,99.59,19381,4,100,4,52,98.11,488,99.8,489,53,8,100,8,5,100,5,1,100,1,47,95.92,49,1874,99,1893,936,99.68,939,258,99.61,259,3232,97.61,3311,4,100,4
GCA_44166285.1,GCA_044166285.1_mapping_stats.mapping_stats.txt,/hps/nobackup/flicek/ensembl/genebuild/jackt/hprc/hprc2_gb45_production/GCA_044166285.1/GCA_044166285.1_mapping_stats.mapping_stats.txt,370,90.02,411,228,96.2,237,999,99.6,1003,7,36.84,19,33742,99.43,33935,1744,99.03,1761,2105,99.43,2117,9874,99.4,9934,18504,99.53,18592,4,100,4,50,98.04,476,99.79,477,51,8,100,8,5,100,5,1,100,1,48,100,48,1813,99.29,1826,891,99.44,896,247,98.8,250,3332,97.57,3415,4,100,4
GCA_44166095.1,GCA_044166095.1_mapping_stats.mapping_stats.txt,/hps/nobackup/flicek/ensembl/genebuild/jackt/hprc/hprc2_gb45_production/GCA_044166095.1/GCA_044166095.1_mapping_stats.mapping_stats.txt,371,90.27,411,225,94.94,237,1018,100,1018,7,36.84,19,34434,99.57,34584,1866,99.41,1877,2196,99.41,2209,10451,99.47,10507,19299,99.58,19381,4,100,4,53,100,488,99.8,489,53,8,100,8,5,100,5,1,100,1,48,97.96,49,1874,99,1893,937,99.79,939,259,100,259,3234,97.67,3311,4,100,4
GCA_44166395.1,GCA_044166395.1_mapping_stats.mapping_stats.txt,/hps/nobackup/flicek/ensembl/genebuild/jackt/hprc/hprc2_gb45_production/GCA_044166395.1/GCA_044166395.1_mapping_stats.mapping_stats.txt,349,84.91,411,216,91.14,237,1015,99.71,1018,7,36.84,19,34446,99.6,34584,1863,99.25,1877,2194,99.32,2209,10457,99.52,10507,19304,99.6,19381,4,100,4,53,100,488,99.8,489,53,8,100,8,5,100,5,1,100,1,49,100,49,1878,99.21,1893,937,99.79,939,259,100,259,3230,97.55,3311,4,100,4
GCA_44165125.1,GCA_044165125.1_mapping_stats.mapping_stats.txt,/hps/nobackup/flicek/ensembl/genebuild/jackt/hprc/hprc2_gb45_production/GCA_044165125.1/GCA_044165125.1_mapping_stats.mapping_stats.txt,374,91,411,232,97.89,237,1001,99.8,1003,7,36.84,19,33747,99.45,33935,1746,99.15,1761,2095,98.96,2117,9865,99.31,9934,18520,99.61,18592,4,100,4,49,96.08,476,99.79,477,51,8,100,8,5,100,5,1,100,1,48,100,48,1803,98.74,1826,896,100,896,250,100,250,3332,97.57,3415,4,100,4
GCA_44165085.1,GCA_044165085.1_mapping_stats.mapping_stats.txt,/hps/nobackup/flicek/ensembl/genebuild/jackt/hprc/hprc2_gb45_production/GCA_044165085.1/GCA_044165085.1_mapping_stats.mapping_stats.txt,380,92.46,411,227,95.78,237,1018,100,1018,7,36.84,19,34420,99.53,34584,1869,99.57,1877,2194,99.32,2209,10450,99.46,10507,19309,99.63,19381,4,100,4,52,98.11,488,99.8,489,53,8,100,8,5,100,5,1,100,1,49,100,49,1876,99.1,1893,937,99.79,939,259,100,259,3243,97.95,3311,4,100,4
GCA_44164705.1,GCA_044164705.1_mapping_stats.mapping_stats.txt,/hps/nobackup/flicek/ensembl/genebuild/jackt/hprc/hprc2_gb45_production/GCA_044164705.1/GCA_044164705.1_mapping_stats.mapping_stats.txt,380,92.46,411,235,99.16,237,1016,99.8,1018,7,36.84,19,34425,99.54,34584,1865,99.36,1877,2190,99.14,2209,10447,99.43,10507,19295,99.56,19381,4,100,4,53,100,487,99.59,489,53,8,100,8,5,100,5,1,100,1,47,95.92,49,1871,98.84,1893,938,99.89,939,258,99.61,259,3228,97.49,3311,4,100,4
GCA_44164695.1,GCA_044164695.1_mapping_stats.mapping_stats.txt,/hps/nobackup/flicek/ensembl/genebuild/jackt/hprc/hprc2_gb45_production/GCA_044164695.1/GCA_044164695.1_mapping_stats.mapping_stats.txt,341,82.97,411,203,85.65,237,1012,99.41,1018,7,36.84,19,34416,99.51,34584,1859,99.04,1877,2195,99.37,2209,10445,99.41,10507,19315,99.66,19381,4,100,4,52,98.11,488,99.8,489,53,8,100,8,5,100,5,1,100,1,49,100,49,1869,98.73,1893,938,99.89,939,257,99.23,259,3232,97.61,3311,4,100,4
GCA_44166585.1,GCA_044166585.1_mapping_stats.mapping_stats.txt,/hps/nobackup/flicek/ensembl/genebuild/jackt/hprc/hprc2_gb45_production/GCA_044166585.1/GCA_044166585.1_mapping_stats.mapping_stats.txt,343,83.45,411,219,92.41,237,1018,100,1018,7,36.84,19,34427,99.55,34584,1864,99.31,1877,2196,99.41,2209,10448,99.44,10507,19301,99.59,19381,1,25,4,53,100,488,99.8,489,53,8,100,8,5,100,5,1,100,1,49,100,49,1877,99.15,1893,938,99.89,939,259,100,259,3227,97.46,3311,4,100,4
GCA_44166545.1,GCA_044166545.1_mapping_stats.mapping_stats.txt,/hps/nobackup/flicek/ensembl/genebuild/jackt/hprc/hprc2_gb45_production/GCA_044166545.1/GCA_044166545.1_mapping_stats.mapping_stats.txt,397,96.59,411,230,97.05,237,998,99.5,1003,7,36.84,19,33760,99.48,33935,1753,99.55,1761,2103,99.34,2117,9873,99.39,9934,18529,99.66,18592,4,100,4,48,94.12,474,99.37,477,51,8,100,8,5,100,5,1,100,1,47,97.92,48,1803,98.74,1826,894,99.78,896,250,100,250,3333,97.6,3415,4,100,4
GCA_44166435.1,GCA_044166435.1_mapping_stats.mapping_stats.txt,/hps/nobackup/flicek/ensembl/genebuild/jackt/hprc/hprc2_gb45_production/GCA_044166435.1/GCA_044166435.1_mapping_stats.mapping_stats.txt,367,89.29,411,224,94.51,237,1001,99.8,1003,7,36.84,19,33771,99.52,33935,1751,99.43,1761,2103,99.34,2117,9883,99.49,9934,18535,99.69,18592,4,100,4,49,96.08,476,99.79,477,51,8,100,8,5,100,5,1,100,1,46,95.83,48,1810,99.12,1826,896,100,896,250,100,250,3360,98.39,3415,4,100,4
GCA_44166535.1,GCA_044166535.1_mapping_stats.mapping_stats.txt,/hps/nobackup/flicek/ensembl/genebuild/jackt/hprc/hprc2_gb45_production/GCA_044166535.1/GCA_044166535.1_mapping_stats.mapping_stats.txt,349,84.91,411,199,83.97,237,993,99,1003,7,36.84,19,33740,99.43,33935,1733,98.41,1761,2099,99.15,2117,9867,99.33,9934,18489,99.45,18592,4,100,4,51,100,476,99.79,477,51,8,100,8,5,100,5,1,100,1,47,97.92,48,1805,98.85,1826,896,100,896,249,99.6,250,3320,97.22,3415,4,100,4
GCA_44166315.1,GCA_044166315.1_mapping_stats.mapping_stats.txt,/hps/nobackup/flicek/ensembl/genebuild/jackt/hprc/hprc2_gb45_production/GCA_044166315.1/GCA_044166315.1_mapping_stats.mapping_stats.txt,379,92.21,411,227,95.78,237,1017,99.9,1018,7,36.84,19,34433,99.56,34584,1865,99.36,1877,2199,99.55,2209,10454,99.5,10507,19312,99.64,19381,4,100,4,53,100,488,99.8,489,53,8,100,8,5,100,5,1,100,1,49,100,49,1873,98.94,1893,937,99.79,939,259,100,259,3241,97.89,3311,3,75,4
GCA_44164725.1,GCA_044164725.1_mapping_stats.mapping_stats.txt,/hps/nobackup/flicek/ensembl/genebuild/jackt/hprc/hprc2_gb45_production/GCA_044164725.1/GCA_044164725.1_mapping_stats.mapping_stats.txt,394,95.86,411,231,97.47,237,1017,99.9,1018,7,36.84,19,34427,99.55,34584,1860,99.09,1877,2195,99.37,2209,10434,99.31,10507,19305,99.61,19381,4,100,4,53,100,489,100,489,53,8,100,8,5,100,5,1,100,1,49,100,49,1868,98.68,1893,933,99.36,939,258,99.61,259,3227,97.46,3311,4,100,4
GCA_18472715.2,GCA_018472715.2_mapping_stats.mapping_stats.txt,/hps/nobackup/flicek/ensembl/genebuild/jackt/hprc/hprc2_gb45_production/GCA_018472715.2/GCA_018472715.2_mapping_stats.mapping_stats.txt,393,95.62,411,225,94.94,237,1017,99.9,1018,7,36.84,19,34440,99.58,34584,1867,99.47,1877,2192,99.23,2209,10458,99.53,10507,19326,99.72,19381,4,100,4,53,100,488,99.8,489,53,8,100,8,5,100,5,1,100,1,49,100,49,1876,99.1,1893,936,99.68,939,258,99.61,259,3241,97.89,3311,4,100,4
GCA_43304525.1,GCA_043304525.1_mapping_stats.mapping_stats.txt,/hps/nobackup/flicek/ensembl/genebuild/jackt/hprc/hprc2_gb45_production/GCA_043304525.1/GCA_043304525.1_mapping_stats.mapping_stats.txt,386,93.92,411,224,94.51,237,1014,99.61,1018,7,36.84,19,34463,99.65,34584,1865,99.36,1877,2198,99.5,2209,10455,99.51,10507,19290,99.53,19381,4,100,4,53,100,488,99.8,489,53,8,100,8,5,100,5,1,100,1,49,100,49,1882,99.42,1893,939,100,939,259,100,259,3232,97.61,3311,4,100,4
GCA_18469945.2,GCA_018469945.2_mapping_stats.mapping_stats.txt,/hps/nobackup/flicek/ensembl/genebuild/jackt/hprc/hprc2_gb45_production/GCA_018469945.2/GCA_018469945.2_mapping_stats.mapping_stats.txt,372,90.51,411,221,93.25,237,1015,99.71,1018,7,36.84,19,34393,99.45,34584,1865,99.36,1877,2194,99.32,2209,10423,99.2,10507,19292,99.54,19381,4,100,4,50,94.34,488,99.8,489,53,8,100,8,5,100,5,1,100,1,48,97.96,49,1873,98.94,1893,935,99.57,939,259,100,259,3233,97.64,3311,4,100,4
GCA_43304645.1,GCA_043304645.1_mapping_stats.mapping_stats.txt,/hps/nobackup/flicek/ensembl/genebuild/jackt/hprc/hprc2_gb45_production/GCA_043304645.1/GCA_043304645.1_mapping_stats.mapping_stats.txt,374,91,411,220,92.83,237,1000,99.7,1003,7,36.84,19,33766,99.5,33935,1748,99.26,1761,2106,99.48,2117,9874,99.4,9934,18522,99.62,18592,3,75,4,50,98.04,474,99.37,477,51,8,100,8,5,100,5,1,100,1,47,97.92,48,1806,98.9,1826,891,99.44,896,250,100,250,3313,97.01,3415,4,100,4
GCA_43305115.1,GCA_043305115.1_mapping_stats.mapping_stats.txt,/hps/nobackup/flicek/ensembl/genebuild/jackt/hprc/hprc2_gb45_production/GCA_043305115.1/GCA_043305115.1_mapping_stats.mapping_stats.txt,371,90.27,411,225,94.94,237,1014,99.61,1018,7,36.84,19,34428,99.55,34584,1862,99.2,1877,2194,99.32,2209,10437,99.33,10507,19295,99.56,19381,4,100,4,51,96.23,488,99.8,489,53,8,100,8,5,100,5,1,100,1,48,97.96,49,1877,99.15,1893,936,99.68,939,258,99.61,259,3224,97.37,3311,4,100,4
GCA_18472835.2,GCA_018472835.2_mapping_stats.mapping_stats.txt,/hps/nobackup/flicek/ensembl/genebuild/jackt/hprc/hprc2_gb45_production/GCA_018472835.2/GCA_018472835.2_mapping_stats.mapping_stats.txt,350,85.16,411,220,92.83,237,999,99.6,1003,7,36.84,19,33774,99.53,33935,1751,99.43,1761,2107,99.53,2117,9883,99.49,9934,18535,99.69,18592,4,100,4,50,98.04,476,99.79,477,51,8,100,8,5,100,5,1,100,1,48,100,48,1809,99.07,1826,894,99.78,896,250,100,250,3340,97.8,3415,4,100,4
GCA_43304975.1,GCA_043304975.1_mapping_stats.mapping_stats.txt,/hps/nobackup/flicek/ensembl/genebuild/jackt/hprc/hprc2_gb45_production/GCA_043304975.1/GCA_043304975.1_mapping_stats.mapping_stats.txt,395,96.11,411,227,95.78,237,1002,99.9,1003,7,36.84,19,33777,99.53,33935,1747,99.2,1761,2104,99.39,2117,9889,99.55,9934,18522,99.62,18592,3,75,4,50,98.04,477,100,477,51,8,100,8,5,100,5,1,100,1,47,97.92,48,1803,98.74,1826,895,99.89,896,248,99.2,250,3347,98.01,3415,4,100,4
GCA_41900245.1,GCA_041900245.1_mapping_stats.mapping_stats.txt,/hps/nobackup/flicek/ensembl/genebuild/ftricomi//hprc/hprc2_gb67/GCA_041900245.1/GCA_041900245.1_mapping_stats.mapping_stats.txt,361,87.83,411,222,93.67,237,1015,99.71,1018,7,36.84,19,34430,99.55,34584,1867,99.47,1877,2195,99.37,2209,10443,99.39,10507,19298,99.57,19381,4,100,4,52,98.11,488,99.8,489,53,8,100,8,5,100,5,1,100,1,49,100,49,1870,98.78,1893,937,99.79,939,259,100,259,3229,97.52,3311,4,100,4
GCA_41900265.1,GCA_041900265.1_mapping_stats.mapping_stats.txt,/hps/nobackup/flicek/ensembl/genebuild/ftricomi//hprc/hprc2_gb67/GCA_041900265.1/GCA_041900265.1_mapping_stats.mapping_stats.txt,389,94.65,411,225,94.94,237,1017,99.9,1018,7,36.84,19,34433,99.56,34584,1869,99.57,1877,2195,99.37,2209,10449,99.45,10507,19295,99.56,19381,4,100,4,53,100,488,99.8,489,53,8,100,8,5,100,5,1,100,1,48,97.96,49,1870,98.78,1893,936,99.68,939,259,100,259,3229,97.52,3311,4,100,4
GCA_41900275.1,GCA_041900275.1_mapping_stats.mapping_stats.txt,/hps/nobackup/flicek/ensembl/genebuild/ftricomi//hprc/v2_missing_stats/GCA_041900275.1_mapping_stats.mapping_stats.txt,367,89.29,411,228,96.2,237,1018,100,1018,7,36.84,19,34414,99.51,34584,1870,99.63,1877,2195,99.37,2209,10457,99.52,10507,19297,99.57,19381,4,100,4,52,98.11,485,99.18,489,53,8,100,8,5,100,5,1,100,1,49,100,49,1874,99,1893,939,100,939,258,99.61,259,3220,97.25,3311,4,100,4
GCA_41899995.1,GCA_041899995.1_mapping_stats.mapping_stats.txt,/hps/nobackup/flicek/ensembl/genebuild/ftricomi//hprc/v2_missing_stats/GCA_041899995.1_mapping_stats.mapping_stats.txt,370,90.02,411,230,97.05,237,1018,100,1018,7,36.84,19,34417,99.52,34584,1865,99.36,1877,2199,99.55,2209,10452,99.48,10507,19306,99.61,19381,4,100,4,51,96.23,489,100,489,53,8,100,8,5,100,5,1,100,1,49,100,49,1873,98.94,1893,939,100,939,259,100,259,3225,97.4,3311,4,100,4
GCA_41900105.1,GCA_041900105.1_mapping_stats.mapping_stats.txt,/hps/nobackup/flicek/ensembl/genebuild/ftricomi//hprc/v2_missing_stats/GCA_041900105.1_mapping_stats.mapping_stats.txt,367,89.29,411,225,94.94,237,1017,99.9,1018,7,36.84,19,34418,99.52,34584,1870,99.63,1877,2199,99.55,2209,10460,99.55,10507,19304,99.6,19381,4,100,4,53,100,487,99.59,489,53,8,100,8,5,100,5,1,100,1,49,100,49,1871,98.84,1893,937,99.79,939,258,99.61,259,3230,97.55,3311,4,100,4
GCA_41900015.1,GCA_041900015.1_mapping_stats.mapping_stats.txt,/hps/nobackup/flicek/ensembl/genebuild/ftricomi//hprc/v2_missing_stats/GCA_041900015.1_mapping_stats.mapping_stats.txt,383,93.19,411,224,94.51,237,1016,99.8,1018,7,36.84,19,34436,99.57,34584,1871,99.68,1877,2201,99.64,2209,10457,99.52,10507,19326,99.72,19381,4,100,4,53,100,489,100,489,53,8,100,8,4,80,5,1,100,1,49,100,49,1871,98.84,1893,937,99.79,939,259,100,259,3253,98.25,3311,4,100,4
GCA_41900385.1,GCA_041900385.1_mapping_stats.mapping_stats.txt,/hps/nobackup/flicek/ensembl/genebuild/ftricomi//hprc/v2_missing_stats/GCA_041900385.1_mapping_stats.mapping_stats.txt,366,89.05,411,221,93.25,237,1015,99.71,1018,7,36.84,19,34418,99.52,34584,1868,99.52,1877,2201,99.64,2209,10450,99.46,10507,19307,99.62,19381,4,100,4,52,98.11,487,99.59,489,53,8,100,8,5,100,5,1,100,1,49,100,49,1874,99,1893,936,99.68,939,259,100,259,3213,97.04,3311,4,100,4
GCA_41900135.1,GCA_041900135.1_mapping_stats.mapping_stats.txt,/hps/nobackup/flicek/ensembl/genebuild/ftricomi//hprc/v2_missing_stats/GCA_041900135.1_mapping_stats.mapping_stats.txt,393,95.62,411,220,92.83,237,1013,99.51,1018,7,36.84,19,34413,99.51,34584,1864,99.31,1877,2196,99.41,2209,10437,99.33,10507,19304,99.6,19381,4,100,4,53,100,489,100,489,53,8,100,8,5,100,5,1,100,1,49,100,49,1879,99.26,1893,938,99.89,939,259,100,259,3233,97.64,3311,4,100,4
GCA_41900115.1,GCA_041900115.1_mapping_stats.mapping_stats.txt,/hps/nobackup/flicek/ensembl/genebuild/ftricomi//hprc/hprc2_gb67/GCA_041900115.1/GCA_041900115.1_mapping_stats.mapping_stats.txt,352,85.64,411,220,92.83,237,1016,99.8,1018,7,36.84,19,34406,99.49,34584,1868,99.52,1877,2196,99.41,2209,10449,99.45,10507,19303,99.6,19381,4,100,4,51,96.23,488,99.8,489,53,8,100,8,5,100,5,1,100,1,49,100,49,1875,99.05,1893,936,99.68,939,258,99.61,259,3237,97.77,3311,4,100,4
GCA_45999905.1,GCA_045999905.1_mapping_stats.mapping_stats.txt,/hps/nobackup/flicek/ensembl/genebuild/jackt/hprc/hprc2_gb45_production/GCA_045999905.1/GCA_045999905.1_mapping_stats.mapping_stats.txt,393,95.62,411,230,97.05,237,1016,99.8,1018,7,36.84,19,34410,99.5,34584,1864,99.31,1877,2188,99.05,2209,10421,99.18,10507,19298,99.57,19381,4,100,4,51,96.23,488,99.8,489,53,8,100,8,5,100,5,1,100,1,49,100,49,1875,99.05,1893,938,99.89,939,259,100,259,3231,97.58,3311,4,100,4
GCA_46000055.1,GCA_046000055.1_mapping_stats.mapping_stats.txt,/hps/nobackup/flicek/ensembl/genebuild/jackt/hprc/hprc2_gb45_production/GCA_046000055.1/GCA_046000055.1_mapping_stats.mapping_stats.txt,400,97.32,411,231,97.47,237,1017,99.9,1018,7,36.84,19,34405,99.48,34584,1865,99.36,1877,2191,99.19,2209,10445,99.41,10507,19298,99.57,19381,4,100,4,53,100,489,100,489,53,8,100,8,5,100,5,1,100,1,49,100,49,1864,98.47,1893,937,99.79,939,258,99.61,259,3206,96.83,3311,4,100,4
GCA_45999925.1,GCA_045999925.1_mapping_stats.mapping_stats.txt,/hps/nobackup/flicek/ensembl/genebuild/jackt/hprc/hprc2_gb45_production/GCA_045999925.1/GCA_045999925.1_mapping_stats.mapping_stats.txt,361,87.83,411,222,93.67,237,1016,99.8,1018,7,36.84,19,34428,99.55,34584,1867,99.47,1877,2192,99.23,2209,10450,99.46,10507,19299,99.58,19381,4,100,4,53,100,488,99.8,489,53,8,100,8,5,100,5,1,100,1,48,97.96,49,1876,99.1,1893,938,99.89,939,259,100,259,3227,97.46,3311,4,100,4
GCA_45999895.1,GCA_045999895.1_mapping_stats.mapping_stats.txt,/hps/nobackup/flicek/ensembl/genebuild/jackt/hprc/hprc2_gb45_production/GCA_045999895.1/GCA_045999895.1_mapping_stats.mapping_stats.txt,367,89.29,411,230,97.05,237,1015,99.71,1018,7,36.84,19,34421,99.53,34584,1870,99.63,1877,2191,99.19,2209,10439,99.35,10507,19304,99.6,19381,4,100,4,51,96.23,486,99.39,489,53,8,100,8,5,100,5,1,100,1,48,97.96,49,1875,99.05,1893,936,99.68,939,257,99.23,259,3213,97.04,3311,4,100,4
GCA_45999885.1,GCA_045999885.1_mapping_stats.mapping_stats.txt,/hps/nobackup/flicek/ensembl/genebuild/jackt/hprc/hprc2_gb45_production/GCA_045999885.1/GCA_045999885.1_mapping_stats.mapping_stats.txt,384,93.43,411,224,94.51,237,1017,99.9,1018,7,36.84,19,34447,99.6,34584,1867,99.47,1877,2192,99.23,2209,10452,99.48,10507,19303,99.6,19381,4,100,4,53,100,489,100,489,53,8,100,8,5,100,5,1,100,1,49,100,49,1873,98.94,1893,938,99.89,939,258,99.61,259,3233,97.64,3311,4,100,4
GCA_18852585.2,GCA_018852585.2_mapping_stats.mapping_stats.txt,/hps/nobackup/flicek/ensembl/genebuild/jackt/hprc/hprc2_gb45_production/GCA_018852585.2/GCA_018852585.2_mapping_stats.mapping_stats.txt,347,84.43,411,212,89.45,237,1017,99.9,1018,7,36.84,19,34402,99.47,34584,1864,99.31,1877,2196,99.41,2209,10436,99.32,10507,19306,99.61,19381,4,100,4,52,98.11,488,99.8,489,53,8,100,8,5,100,5,1,100,1,48,97.96,49,1875,99.05,1893,936,99.68,939,259,100,259,3229,97.52,3311,4,100,4
GCA_42027095.1,GCA_042027095.1_mapping_stats.mapping_stats.txt,/hps/nobackup/flicek/ensembl/genebuild/ftricomi//hprc/hprc2_gb67/GCA_042027095.1/GCA_042027095.1_mapping_stats.mapping_stats.txt,360,87.59,411,221,93.25,237,1015,99.71,1018,7,36.84,19,34392,99.44,34584,1867,99.47,1877,2189,99.09,2209,10433,99.3,10507,19300,99.58,19381,2,50,4,50,94.34,487,99.59,489,53,8,100,8,5,100,5,1,100,1,49,100,49,1876,99.1,1893,935,99.57,939,258,99.61,259,3219,97.22,3311,4,100,4
GCA_42028155.1,GCA_042028155.1_mapping_stats.mapping_stats.txt,/hps/nobackup/flicek/ensembl/genebuild/ftricomi//hprc/hprc2_gb67/GCA_042028155.1/GCA_042028155.1_mapping_stats.mapping_stats.txt,377,91.73,411,226,95.36,237,1018,100,1018,7,36.84,19,34401,99.47,34584,1868,99.52,1877,2196,99.41,2209,10436,99.32,10507,19303,99.6,19381,4,100,4,51,96.23,488,99.8,489,53,8,100,8,5,100,5,1,100,1,47,95.92,49,1875,99.05,1893,937,99.79,939,258,99.61,259,3195,96.5,3311,4,100,4
GCA_42028935.1,GCA_042028935.1_mapping_stats.mapping_stats.txt,/hps/nobackup/flicek/ensembl/genebuild/ftricomi//hprc/v2_missing_stats/GCA_042028935.1_mapping_stats.mapping_stats.txt,378,91.97,411,229,96.62,237,1016,99.8,1018,8,42.11,19,34450,99.61,34584,1871,99.68,1877,2194,99.32,2209,10461,99.56,10507,19298,99.57,19381,4,100,4,52,98.11,488,99.8,489,53,8,100,8,5,100,5,1,100,1,48,97.96,49,1876,99.1,1893,939,100,939,259,100,259,3228,97.49,3311,4,100,4
GCA_42026525.1,GCA_042026525.1_mapping_stats.mapping_stats.txt,/hps/nobackup/flicek/ensembl/genebuild/ftricomi//hprc/v2_missing_stats/GCA_042026525.1_mapping_stats.mapping_stats.txt,354,86.13,411,216,91.14,237,1015,99.71,1018,7,36.84,19,34383,99.42,34584,1864,99.31,1877,2192,99.23,2209,10434,99.31,10507,19267,99.41,19381,4,100,4,53,100,486,99.39,489,53,8,100,8,5,100,5,1,100,1,47,95.92,49,1880,99.31,1893,933,99.36,939,258,99.61,259,3222,97.31,3311,4,100,4
GCA_42028895.1,GCA_042028895.1_mapping_stats.mapping_stats.txt,/hps/nobackup/flicek/ensembl/genebuild/ftricomi//hprc/v2_missing_stats/GCA_042028895.1_mapping_stats.mapping_stats.txt,378,91.97,411,224,94.51,237,1017,99.9,1018,7,36.84,19,34423,99.53,34584,1866,99.41,1877,2200,99.59,2209,10455,99.51,10507,19313,99.65,19381,2,50,4,51,96.23,488,99.8,489,53,8,100,8,5,100,5,1,100,1,49,100,49,1870,98.78,1893,938,99.89,939,259,100,259,3226,97.43,3311,4,100,4
GCA_42028165.1,GCA_042028165.1_mapping_stats.mapping_stats.txt,/hps/nobackup/flicek/ensembl/genebuild/ftricomi//hprc/v2_missing_stats/GCA_042028165.1_mapping_stats.mapping_stats.txt,360,87.59,411,221,93.25,237,1016,99.8,1018,7,36.84,19,34428,99.55,34584,1862,99.2,1877,2198,99.5,2209,10448,99.44,10507,19294,99.55,19381,4,100,4,53,100,488,99.8,489,53,8,100,8,5,100,5,1,100,1,49,100,49,1876,99.1,1893,937,99.79,939,258,99.61,259,3246,98.04,3311,4,100,4
GCA_42027645.1,GCA_042027645.1_mapping_stats.mapping_stats.txt,/hps/nobackup/flicek/ensembl/genebuild/ftricomi/hprc/v2_missing_stats/GCA_042027645.1_mapping_stats.mapping_stats.txt,357,86.86,411,214,90.3,237,1016,99.8,1018,7,36.84,19,34402,99.47,34584,1866,99.41,1877,2194,99.32,2209,10446,99.42,10507,19302,99.59,19381,4,100,4,52,98.11,488,99.8,489,53,8,100,8,5,100,5,1,100,1,49,100,49,1875,99.05,1893,933,99.36,939,259,100,259,3227,97.46,3311,4,100,4
GCA_42027145.1,GCA_042027145.1_mapping_stats.mapping_stats.txt,/hps/nobackup/flicek/ensembl/genebuild/ftricomi//hprc/v2_missing_stats/GCA_042027145.1_mapping_stats.mapping_stats.txt,341,82.97,411,210,88.61,237,1013,99.51,1018,7,36.84,19,34409,99.49,34584,1861,99.15,1877,2195,99.37,2209,10440,99.36,10507,19314,99.65,19381,4,100,4,49,92.45,489,100,489,53,8,100,8,5,100,5,1,100,1,49,100,49,1868,98.68,1893,935,99.57,939,259,100,259,3219,97.22,3311,4,100,4
GCA_42027665.1,GCA_042027665.1_mapping_stats.mapping_stats.txt,/hps/nobackup/flicek/ensembl/genebuild/ftricomi//hprc/v2_missing_stats/GCA_042027665.1_mapping_stats.mapping_stats.txt,352,85.64,411,225,94.94,237,1017,99.9,1018,7,36.84,19,34416,99.51,34584,1867,99.47,1877,2191,99.19,2209,10442,99.38,10507,19286,99.51,19381,4,100,4,53,100,489,100,489,53,8,100,8,5,100,5,1,100,1,48,97.96,49,1878,99.21,1893,938,99.89,939,258,99.61,259,3219,97.22,3311,4,100,4
GCA_42027065.1,GCA_042027065.1_mapping_stats.mapping_stats.txt,/hps/nobackup/flicek/ensembl/genebuild/jackt/hprc/hprc2_gb23_production/GCA_042027065.1/GCA_042027065.1_mapping_stats.mapping_stats.txt,308,74.94,411,173,73,237,1015,99.71,1018,7,36.84,19,34381,99.41,34584,1864,99.31,1877,2198,99.5,2209,10443,99.39,10507,19289,99.53,19381,4,100,4,53,100,488,99.8,489,53,8,100,8,5,100,5,1,100,1,49,100,49,1871,98.84,1893,936,99.68,939,259,100,259,3233,97.64,3311,4,100,4
GCA_42027655.1,GCA_042027655.1_mapping_stats.mapping_stats.txt,/hps/nobackup/flicek/ensembl/genebuild/ftricomi//hprc/v2_missing_stats/GCA_042027655.1_mapping_stats.mapping_stats.txt,395,96.11,411,222,93.67,237,1014,99.61,1018,7,36.84,19,34407,99.49,34584,1869,99.57,1877,2197,99.46,2209,10447,99.43,10507,19290,99.53,19381,4,100,4,50,94.34,488,99.8,489,53,8,100,8,5,100,5,1,100,1,49,100,49,1874,99,1893,939,100,939,258,99.61,259,3228,97.49,3311,4,100,4
GCA_42027105.1,GCA_042027105.1_mapping_stats.mapping_stats.txt,/hps/nobackup/flicek/ensembl/genebuild/ftricomi//hprc/v2_missing_stats/GCA_042027105.1_mapping_stats.mapping_stats.txt,395,96.11,411,232,97.89,237,1017,99.9,1018,7,36.84,19,34413,99.51,34584,1869,99.57,1877,2193,99.28,2209,10438,99.34,10507,19273,99.44,19381,4,100,4,53,100,488,99.8,489,53,8,100,8,5,100,5,1,100,1,49,100,49,1869,98.73,1893,938,99.89,939,259,100,259,3221,97.28,3311,4,100,4
GCA_42030185.1,GCA_042030185.1_mapping_stats.mapping_stats.txt,/hps/nobackup/flicek/ensembl/genebuild/ftricomi//hprc/v2_missing_stats/GCA_042030185.1_mapping_stats.mapping_stats.txt,387,94.16,411,228,96.2,237,1016,99.8,1018,7,36.84,19,34410,99.5,34584,1865,99.36,1877,2196,99.41,2209,10447,99.43,10507,19302,99.59,19381,4,100,4,51,96.23,488,99.8,489,53,8,100,8,5,100,5,1,100,1,49,100,49,1877,99.15,1893,936,99.68,939,259,100,259,3244,97.98,3311,4,100,4
GCA_42030175.1,GCA_042030175.1_mapping_stats.mapping_stats.txt,/hps/nobackup/flicek/ensembl/genebuild/ftricomi//hprc/v2_missing_stats/GCA_042030175.1_mapping_stats.mapping_stats.txt,370,90.02,411,225,94.94,237,1014,99.61,1018,7,36.84,19,34441,99.59,34584,1871,99.68,1877,2201,99.64,2209,10461,99.56,10507,19303,99.6,19381,4,100,4,52,98.11,487,99.59,489,53,8,100,8,5,100,5,1,100,1,48,97.96,49,1878,99.21,1893,933,99.36,939,259,100,259,3240,97.86,3311,4,100,4
GCA_42029645.1,GCA_042029645.1_mapping_stats.mapping_stats.txt,/hps/nobackup/flicek/ensembl/genebuild/ftricomi//hprc/v2_missing_stats/GCA_042029645.1_mapping_stats.mapping_stats.txt,371,90.27,411,229,96.62,237,1013,99.51,1018,7,36.84,19,34417,99.52,34584,1865,99.36,1877,2193,99.28,2209,10447,99.43,10507,19297,99.57,19381,4,100,4,51,96.23,488,99.8,489,53,8,100,8,5,100,5,1,100,1,48,97.96,49,1868,98.68,1893,937,99.79,939,259,100,259,3228,97.49,3311,4,100,4
GCA_42026465.1,GCA_042026465.1_mapping_stats.mapping_stats.txt,/hps/nobackup/flicek/ensembl/genebuild/ftricomi//hprc/v2_missing_stats/GCA_042026465.1_mapping_stats.mapping_stats.txt,387,94.16,411,228,96.2,237,1017,99.9,1018,7,36.84,19,34406,99.49,34584,1864,99.31,1877,2194,99.32,2209,10442,99.38,10507,19300,99.58,19381,4,100,4,53,100,486,99.39,489,53,8,100,8,5,100,5,1,100,1,48,97.96,49,1876,99.1,1893,939,100,939,259,100,259,3213,97.04,3311,4,100,4
GCA_42026455.1,GCA_042026455.1_mapping_stats.mapping_stats.txt,/hps/nobackup/flicek/ensembl/genebuild/ftricomi//hprc/v2_missing_stats/GCA_042026455.1_mapping_stats.mapping_stats.txt,387,94.16,411,221,93.25,237,1016,99.8,1018,7,36.84,19,34397,99.46,34584,1866,99.41,1877,2195,99.37,2209,10435,99.31,10507,19303,99.6,19381,4,100,4,51,96.23,488,99.8,489,53,8,100,8,5,100,5,1,100,1,49,100,49,1873,98.94,1893,937,99.79,939,258,99.61,259,3234,97.67,3311,3,75,4
GCA_42027635.1,GCA_042027635.1_mapping_stats.mapping_stats.txt,/hps/nobackup/flicek/ensembl/genebuild/ftricomi//hprc/v2_missing_stats/GCA_042027635.1_mapping_stats.mapping_stats.txt,357,86.86,411,225,94.94,237,1018,100,1018,7,36.84,19,34443,99.59,34584,1868,99.52,1877,2200,99.59,2209,10463,99.58,10507,19330,99.74,19381,4,100,4,52,98.11,489,100,489,53,8,100,8,5,100,5,1,100,1,49,100,49,1878,99.21,1893,938,99.89,939,259,100,259,3239,97.83,3311,4,100,4
GCA_42026475.1,GCA_042026475.1_mapping_stats.mapping_stats.txt,/hps/nobackup/flicek/ensembl/genebuild/ftricomi//hprc/v2_missing_stats/GCA_042026475.1_mapping_stats.mapping_stats.txt,369,89.78,411,227,95.78,237,1016,99.8,1018,7,36.84,19,34446,99.6,34584,1866,99.41,1877,2200,99.59,2209,10459,99.54,10507,19314,99.65,19381,4,100,4,52,98.11,489,100,489,53,8,100,8,5,100,5,1,100,1,48,97.96,49,1880,99.31,1893,939,100,939,258,99.61,259,3245,98.01,3311,4,100,4
GCA_42029905.1,GCA_042029905.1_mapping_stats.mapping_stats.txt,/hps/nobackup/flicek/ensembl/genebuild/jackt/hprc/hprc2_gb23_production/GCA_042029905.1/GCA_042029905.1_mapping_stats.mapping_stats.txt,391,95.13,411,222,93.67,237,1015,99.71,1018,7,36.84,19,34432,99.56,34584,1870,99.63,1877,2196,99.41,2209,10457,99.52,10507,19305,99.61,19381,4,100,4,52,98.11,487,99.59,489,53,8,100,8,5,100,5,1,100,1,49,100,49,1874,99,1893,937,99.79,939,259,100,259,3246,98.04,3311,4,100,4
GCA_42028975.1,GCA_042028975.1_mapping_stats.mapping_stats.txt,/hps/nobackup/flicek/ensembl/genebuild/ftricomi//hprc/v2_missing_stats/GCA_042028975.1_mapping_stats.mapping_stats.txt,389,94.65,411,221,93.25,237,1015,99.71,1018,7,36.84,19,34428,99.55,34584,1867,99.47,1877,2195,99.37,2209,10440,99.36,10507,19310,99.63,19381,4,100,4,51,96.23,488,99.8,489,53,8,100,8,5,100,5,1,100,1,49,100,49,1870,98.78,1893,937,99.79,939,259,100,259,3214,97.07,3311,4,100,4
GCA_42028065.1,GCA_042028065.1_mapping_stats.mapping_stats.txt,/hps/nobackup/flicek/ensembl/genebuild/ftricomi//hprc/v2_missing_stats/GCA_042028065.1_mapping_stats.mapping_stats.txt,401,97.57,411,234,98.73,237,1014,99.61,1018,7,36.84,19,34420,99.53,34584,1864,99.31,1877,2198,99.5,2209,10461,99.56,10507,19317,99.67,19381,4,100,4,52,98.11,489,100,489,53,8,100,8,5,100,5,1,100,1,49,100,49,1870,98.78,1893,939,100,939,257,99.23,259,3235,97.7,3311,4,100,4
GCA_42029495.1,GCA_042029495.1_mapping_stats.mapping_stats.txt,/hps/nobackup/flicek/ensembl/genebuild/jackt/hprc/hprc2_gb23_production/GCA_042029495.1/GCA_042029495.1_mapping_stats.mapping_stats.txt,358,87.1,411,215,90.72,237,1015,99.71,1018,7,36.84,19,34449,99.61,34584,1869,99.57,1877,2195,99.37,2209,10450,99.46,10507,19322,99.7,19381,4,100,4,53,100,487,99.59,489,53,8,100,8,5,100,5,1,100,1,49,100,49,1877,99.15,1893,938,99.89,939,259,100,259,3247,98.07,3311,4,100,4
GCA_42029535.1,GCA_042029535.1_mapping_stats.mapping_stats.txt,/hps/nobackup/flicek/ensembl/genebuild/ftricomi//hprc/hprc2_gb67/GCA_042029535.1/GCA_042029535.1_mapping_stats.mapping_stats.txt,398,96.84,411,234,98.73,237,1017,99.9,1018,7,36.84,19,34446,99.6,34584,1862,99.2,1877,2197,99.46,2209,10447,99.43,10507,19315,99.66,19381,4,100,4,53,100,487,99.59,489,53,8,100,8,5,100,5,1,100,1,49,100,49,1871,98.84,1893,936,99.68,939,259,100,259,3240,97.86,3311,4,100,4
GCA_42028875.1,GCA_042028875.1_mapping_stats.mapping_stats.txt,/hps/nobackup/flicek/ensembl/genebuild/ftricomi//hprc/hprc2_gb67/GCA_042028875.1/GCA_042028875.1_mapping_stats.mapping_stats.txt,383,93.19,411,231,97.47,237,1018,100,1018,7,36.84,19,34426,99.54,34584,1871,99.68,1877,2195,99.37,2209,10448,99.44,10507,19306,99.61,19381,4,100,4,50,94.34,488,99.8,489,53,8,100,8,5,100,5,1,100,1,49,100,49,1872,98.89,1893,939,100,939,258,99.61,259,3238,97.8,3311,4,100,4
GCA_42029545.1,GCA_042029545.1_mapping_stats.mapping_stats.txt,/hps/nobackup/flicek/ensembl/genebuild/ftricomi//hprc/hprc2_gb67/GCA_042029545.1/GCA_042029545.1_mapping_stats.mapping_stats.txt,326,79.32,411,160,67.51,237,1014,99.61,1018,7,36.84,19,34408,99.49,34584,1864,99.31,1877,2195,99.37,2209,10442,99.38,10507,19300,99.58,19381,4,100,4,52,98.11,486,99.39,489,53,8,100,8,5,100,5,1,100,1,47,95.92,49,1873,98.94,1893,934,99.47,939,258,99.61,259,3228,97.49,3311,4,100,4
GCA_42026535.1,GCA_042026535.1_mapping_stats.mapping_stats.txt,/hps/nobackup/flicek/ensembl/genebuild/ftricomi//hprc/hprc2_gb67/GCA_042026535.1/GCA_042026535.1_mapping_stats.mapping_stats.txt,378,91.97,411,229,96.62,237,1017,99.9,1018,7,36.84,19,34416,99.51,34584,1871,99.68,1877,2194,99.32,2209,10449,99.45,10507,19308,99.62,19381,4,100,4,50,94.34,489,100,489,53,8,100,8,5,100,5,1,100,1,49,100,49,1874,99,1893,938,99.89,939,258,99.61,259,3227,97.46,3311,4,100,4
GCA_42029485.1,GCA_042029485.1_mapping_stats.mapping_stats.txt,/hps/nobackup/flicek/ensembl/genebuild/ftricomi//hprc/hprc2_gb67/GCA_042029485.1/GCA_042029485.1_mapping_stats.mapping_stats.txt,384,93.43,411,228,96.2,237,1017,99.9,1018,7,36.84,19,34401,99.47,34584,1863,99.25,1877,2194,99.32,2209,10449,99.45,10507,19304,99.6,19381,4,100,4,52,98.11,489,100,489,53,8,100,8,5,100,5,1,100,1,49,100,49,1874,99,1893,936,99.68,939,259,100,259,3232,97.61,3311,3,75,4
GCA_42028025.1,GCA_042028025.1_mapping_stats.mapping_stats.txt,/hps/nobackup/flicek/ensembl/genebuild/ftricomi//hprc/hprc2_gb67/GCA_042028025.1/GCA_042028025.1_mapping_stats.mapping_stats.txt,351,85.4,411,224,94.51,237,1016,99.8,1018,7,36.84,19,34413,99.51,34584,1861,99.15,1877,2192,99.23,2209,10452,99.48,10507,19297,99.57,19381,4,100,4,52,98.11,487,99.59,489,53,8,100,8,5,100,5,1,100,1,49,100,49,1880,99.31,1893,936,99.68,939,259,100,259,3222,97.31,3311,4,100,4
GCA_42028145.1,GCA_042028145.1_mapping_stats.mapping_stats.txt,/hps/nobackup/flicek/ensembl/genebuild/ftricomi//hprc/hprc2_gb67/GCA_042028145.1/GCA_042028145.1_mapping_stats.mapping_stats.txt,386,93.92,411,225,94.94,237,1015,99.71,1018,7,36.84,19,34420,99.53,34584,1870,99.63,1877,2196,99.41,2209,10455,99.51,10507,19307,99.62,19381,4,100,4,50,94.34,489,100,489,53,8,100,8,5,100,5,1,100,1,47,95.92,49,1875,99.05,1893,931,99.15,939,259,100,259,3230,97.55,3311,4,100,4
GCA_42028945.1,GCA_042028945.1_mapping_stats.mapping_stats.txt,/hps/nobackup/flicek/ensembl/genebuild/ftricomi//hprc/hprc2_gb67/GCA_042028945.1/GCA_042028945.1_mapping_stats.mapping_stats.txt,350,85.16,411,217,91.56,237,1015,99.71,1018,7,36.84,19,34406,99.49,34584,1861,99.15,1877,2198,99.5,2209,10451,99.47,10507,19302,99.59,19381,4,100,4,51,96.23,489,100,489,53,8,100,8,5,100,5,1,100,1,49,100,49,1873,98.94,1893,939,100,939,259,100,259,3233,97.64,3311,4,100,4
GCA_42027765.1,GCA_042027765.1_mapping_stats.mapping_stats.txt,/hps/nobackup/flicek/ensembl/genebuild/ftricomi//hprc/hprc2_gb67/GCA_042027765.1/GCA_042027765.1_mapping_stats.mapping_stats.txt,374,91,411,232,97.89,237,1016,99.8,1018,7,36.84,19,34396,99.46,34584,1870,99.63,1877,2195,99.37,2209,10445,99.41,10507,19300,99.58,19381,2,50,4,51,96.23,488,99.8,489,53,8,100,8,5,100,5,1,100,1,49,100,49,1874,99,1893,937,99.79,939,259,100,259,3225,97.4,3311,4,100,4
GCA_42029385.1,GCA_042029385.1_mapping_stats.mapping_stats.txt,/hps/nobackup/flicek/ensembl/genebuild/ftricomi//hprc/hprc2_gb67/GCA_042029385.1/GCA_042029385.1_mapping_stats.mapping_stats.txt,373,90.75,411,225,94.94,237,1018,100,1018,7,36.84,19,34405,99.48,34584,1870,99.63,1877,2190,99.14,2209,10429,99.26,10507,19282,99.49,19381,4,100,4,51,96.23,489,100,489,53,8,100,8,5,100,5,1,100,1,49,100,49,1875,99.05,1893,938,99.89,939,258,99.61,259,3207,96.86,3311,4,100,4
GCA_46056425.1,GCA_046056425.1_mapping_stats.mapping_stats.txt,/hps/nobackup/flicek/ensembl/genebuild/jackt/hprc/hprc2_gb23_production/GCA_046056425.1/GCA_046056425.1_mapping_stats.mapping_stats.txt,368,89.54,411,218,91.98,237,1018,100,1018,7,36.84,19,34434,99.57,34584,1867,99.47,1877,2198,99.5,2209,10441,99.37,10507,19307,99.62,19381,4,100,4,53,100,489,100,489,53,8,100,8,5,100,5,1,100,1,49,100,49,1874,99,1893,935,99.57,939,259,100,259,3243,97.95,3311,4,100,4
GCA_18472605.2,GCA_018472605.2_mapping_stats.mapping_stats.txt,/hps/nobackup/flicek/ensembl/genebuild/jackt/hprc/hprc2_gb45_production/GCA_018472605.2/GCA_018472605.2_mapping_stats.mapping_stats.txt,357,86.86,411,220,92.83,237,1013,99.51,1018,7,36.84,19,34395,99.45,34584,1865,99.36,1877,2195,99.37,2209,10443,99.39,10507,19289,99.53,19381,3,75,4,51,96.23,488,99.8,489,53,8,100,8,5,100,5,1,100,1,49,100,49,1869,98.73,1893,935,99.57,939,259,100,259,3223,97.34,3311,4,100,4
GCA_18471095.2,GCA_018471095.2_mapping_stats.mapping_stats.txt,/hps/nobackup/flicek/ensembl/genebuild/jackt/hprc/hprc2_gb23_production/GCA_018471095.2/GCA_018471095.2_mapping_stats.mapping_stats.txt,394,95.86,411,224,94.51,237,1016,99.8,1018,7,36.84,19,34423,99.53,34584,1865,99.36,1877,2192,99.23,2209,10448,99.44,10507,19303,99.6,19381,4,100,4,51,96.23,489,100,489,53,8,100,8,5,100,5,1,100,1,49,100,49,1875,99.05,1893,934,99.47,939,258,99.61,259,3232,97.61,3311,4,100,4
GCA_18471345.2,GCA_018471345.2_mapping_stats.mapping_stats.txt,/hps/nobackup/flicek/ensembl/genebuild/jackt/hprc/hprc2_gb23_production/GCA_018471345.2/GCA_018471345.2_mapping_stats.mapping_stats.txt,366,89.05,411,225,94.94,237,1017,99.9,1018,7,36.84,19,34408,99.49,34584,1867,99.47,1877,2195,99.37,2209,10439,99.35,10507,19301,99.59,19381,2,50,4,53,100,489,100,489,53,8,100,8,5,100,5,1,100,1,49,100,49,1866,98.57,1893,938,99.89,939,257,99.23,259,3222,97.31,3311,4,100,4
GCA_18471085.2,GCA_018471085.2_mapping_stats.mapping_stats.txt,/hps/nobackup/flicek/ensembl/genebuild/jackt/hprc/hprc2_gb23_production/GCA_018471085.2/GCA_018471085.2_mapping_stats.mapping_stats.txt,392,95.38,411,234,98.73,237,1017,99.9,1018,7,36.84,19,34433,99.56,34584,1866,99.41,1877,2197,99.46,2209,10457,99.52,10507,19300,99.58,19381,4,100,4,50,94.34,489,100,489,53,8,100,8,5,100,5,1,100,1,49,100,49,1877,99.15,1893,935,99.57,939,258,99.61,259,3240,97.86,3311,4,100,4
GCA_18469405.2,GCA_018469405.2_mapping_stats.mapping_stats.txt,/hps/nobackup/flicek/ensembl/genebuild/jackt/hprc/hprc2_gb23_production/GCA_018469405.2/GCA_018469405.2_mapping_stats.mapping_stats.txt,376,91.48,411,225,94.94,237,1016,99.8,1018,7,36.84,19,34453,99.62,34584,1872,99.73,1877,2200,99.59,2209,10446,99.42,10507,19294,99.55,19381,4,100,4,53,100,488,99.8,489,53,8,100,8,5,100,5,1,100,1,49,100,49,1875,99.05,1893,937,99.79,939,259,100,259,3224,97.37,3311,4,100,4
GCA_18467155.2,GCA_018467155.2_mapping_stats.mapping_stats.txt,/hps/nobackup/flicek/ensembl/genebuild/jackt/hprc/hprc2_gb23_production/GCA_018467155.2/GCA_018467155.2_mapping_stats.mapping_stats.txt,336,81.75,411,198,83.54,237,1015,99.71,1018,7,36.84,19,34408,99.49,34584,1864,99.31,1877,2198,99.5,2209,10441,99.37,10507,19292,99.54,19381,4,100,4,53,100,487,99.59,489,53,8,100,8,5,100,5,1,100,1,49,100,49,1867,98.63,1893,938,99.89,939,258,99.61,259,3227,97.46,3311,4,100,4
GCA_18471545.2,GCA_018471545.2_mapping_stats.mapping_stats.txt,/hps/nobackup/flicek/ensembl/genebuild/jackt/hprc/hprc2_gb23_production/GCA_018471545.2/GCA_018471545.2_mapping_stats.mapping_stats.txt,366,89.05,411,210,88.61,237,1016,99.8,1018,7,36.84,19,34452,99.62,34584,1863,99.25,1877,2197,99.46,2209,10456,99.51,10507,19310,99.63,19381,4,100,4,51,96.23,488,99.8,489,53,8,100,8,5,100,5,1,100,1,49,100,49,1874,99,1893,934,99.47,939,259,100,259,3221,97.28,3311,4,100,4
GCA_18471535.2,GCA_018471535.2_mapping_stats.mapping_stats.txt,/hps/nobackup/flicek/ensembl/genebuild/jackt/hprc/hprc2_gb23_production/GCA_018471535.2/GCA_018471535.2_mapping_stats.mapping_stats.txt,380,92.46,411,218,91.98,237,1017,99.9,1018,7,36.84,19,34419,99.52,34584,1869,99.57,1877,2190,99.14,2209,10444,99.4,10507,19290,99.53,19381,4,100,4,53,100,488,99.8,489,53,8,100,8,5,100,5,1,100,1,49,100,49,1872,98.89,1893,938,99.89,939,259,100,259,3227,97.46,3311,4,100,4
GCA_18467015.2,GCA_018467015.2_mapping_stats.mapping_stats.txt,/hps/nobackup/flicek/ensembl/genebuild/jackt/hprc/hprc2_gb23_production/GCA_018467015.2/GCA_018467015.2_mapping_stats.mapping_stats.txt,322,78.35,411,184,77.64,237,1014,99.61,1018,7,36.84,19,34440,99.58,34584,1864,99.31,1877,2193,99.28,2209,10438,99.34,10507,19310,99.63,19381,2,50,4,51,96.23,489,100,489,53,8,100,8,5,100,5,1,100,1,49,100,49,1879,99.26,1893,937,99.79,939,258,99.61,259,3232,97.61,3311,4,100,4
GCA_18466985.2,GCA_018466985.2_mapping_stats.mapping_stats.txt,/hps/nobackup/flicek/ensembl/genebuild/jackt/hprc/hprc2_gb23_production/GCA_018466985.2/GCA_018466985.2_mapping_stats.mapping_stats.txt,387,94.16,411,227,95.78,237,1016,99.8,1018,7,36.84,19,34425,99.54,34584,1866,99.41,1877,2197,99.46,2209,10450,99.46,10507,19303,99.6,19381,4,100,4,53,100,489,100,489,53,8,100,8,5,100,5,1,100,1,49,100,49,1872,98.89,1893,938,99.89,939,258,99.61,259,3221,97.28,3311,4,100,4
GCA_18470445.2,GCA_018470445.2_mapping_stats.mapping_stats.txt,/hps/nobackup/flicek/ensembl/genebuild/jackt/hprc/hprc2_gb23_production/GCA_018470445.2/GCA_018470445.2_mapping_stats.mapping_stats.txt,366,89.05,411,230,97.05,237,1014,99.61,1018,7,36.84,19,34448,99.61,34584,1862,99.2,1877,2200,99.59,2209,10449,99.45,10507,19312,99.64,19381,3,75,4,52,98.11,489,100,489,53,8,100,8,5,100,5,1,100,1,49,100,49,1873,98.94,1893,939,100,939,258,99.61,259,3251,98.19,3311,4,100,4
GCA_18469875.2,GCA_018469875.2_mapping_stats.mapping_stats.txt,/hps/nobackup/flicek/ensembl/genebuild/jackt/hprc/hprc2_gb23_production/GCA_018469875.2/GCA_018469875.2_mapping_stats.mapping_stats.txt,383,93.19,411,224,94.51,237,1016,99.8,1018,7,36.84,19,34448,99.61,34584,1865,99.36,1877,2192,99.23,2209,10453,99.49,10507,19295,99.56,19381,4,100,4,52,98.11,487,99.59,489,53,8,100,8,5,100,5,1,100,1,48,97.96,49,1876,99.1,1893,937,99.79,939,258,99.61,259,3225,97.4,3311,4,100,4
GCA_18470455.2,GCA_018470455.2_mapping_stats.mapping_stats.txt,/hps/nobackup/flicek/ensembl/genebuild/jackt/hprc/hprc2_gb23_production/GCA_018470455.2/GCA_018470455.2_mapping_stats.mapping_stats.txt,358,87.1,411,225,94.94,237,1016,99.8,1018,7,36.84,19,34435,99.57,34584,1860,99.09,1877,2197,99.46,2209,10445,99.41,10507,19310,99.63,19381,4,100,4,52,98.11,489,100,489,53,8,100,8,5,100,5,1,100,1,48,97.96,49,1874,99,1893,937,99.79,939,258,99.61,259,3242,97.92,3311,4,100,4
GCA_18472855.2,GCA_018472855.2_mapping_stats.mapping_stats.txt,/hps/nobackup/flicek/ensembl/genebuild/jackt/hprc/hprc2_gb45_production/GCA_018472855.2/GCA_018472855.2_mapping_stats.mapping_stats.txt,406,98.78,411,231,97.47,237,1017,99.9,1018,7,36.84,19,34452,99.62,34584,1869,99.57,1877,2199,99.55,2209,10459,99.54,10507,19328,99.73,19381,4,100,4,53,100,489,100,489,53,8,100,8,5,100,5,1,100,1,49,100,49,1876,99.1,1893,939,100,939,259,100,259,3261,98.49,3311,4,100,4
GCA_18473295.2,GCA_018473295.2_mapping_stats.mapping_stats.txt,/hps/nobackup/flicek/ensembl/genebuild/jackt/hprc/hprc2_gb45_production/GCA_018473295.2/GCA_018473295.2_mapping_stats.mapping_stats.txt,320,77.86,411,183,77.22,237,1016,99.8,1018,7,36.84,19,34393,99.45,34584,1860,99.09,1877,2194,99.32,2209,10446,99.42,10507,19296,99.56,19381,4,100,4,52,98.11,488,99.8,489,53,8,100,8,5,100,5,1,100,1,49,100,49,1868,98.68,1893,936,99.68,939,258,99.61,259,3227,97.46,3311,4,100,4
GCA_42031945.1,GCA_042031945.1_mapping_stats.mapping_stats.txt,/hps/nobackup/flicek/ensembl/genebuild/ftricomi//hprc/hprc2_gb67/GCA_042031945.1/GCA_042031945.1_mapping_stats.mapping_stats.txt,316,76.89,411,162,68.35,237,1017,99.9,1018,7,36.84,19,34413,99.51,34584,1870,99.63,1877,2196,99.41,2209,10439,99.35,10507,19298,99.57,19381,4,100,4,51,96.23,488,99.8,489,53,8,100,8,5,100,5,1,100,1,47,95.92,49,1874,99,1893,937,99.79,939,259,100,259,3240,97.86,3311,4,100,4
GCA_42030705.1,GCA_042030705.1_mapping_stats.mapping_stats.txt,/hps/nobackup/flicek/ensembl/genebuild/ftricomi//hprc/hprc2_gb67/GCA_042030705.1/GCA_042030705.1_mapping_stats.mapping_stats.txt,384,93.43,411,233,98.31,237,1017,99.9,1018,7,36.84,19,34436,99.57,34584,1862,99.2,1877,2195,99.37,2209,10463,99.58,10507,19311,99.64,19381,4,100,4,50,94.34,488,99.8,489,53,8,100,8,5,100,5,1,100,1,49,100,49,1878,99.21,1893,938,99.89,939,258,99.61,259,3244,97.98,3311,4,100,4
GCA_42030605.1,GCA_042030605.1_mapping_stats.mapping_stats.txt,/hps/nobackup/flicek/ensembl/genebuild/ftricomi//hprc/hprc2_gb67/GCA_042030605.1/GCA_042030605.1_mapping_stats.mapping_stats.txt,330,80.29,411,177,74.68,237,1014,99.61,1018,7,36.84,19,34391,99.44,34584,1868,99.52,1877,2194,99.32,2209,10437,99.33,10507,19281,99.48,19381,4,100,4,49,92.45,487,99.59,489,53,8,100,8,5,100,5,1,100,1,47,95.92,49,1864,98.47,1893,938,99.89,939,259,100,259,3222,97.31,3311,4,100,4
GCA_42031775.1,GCA_042031775.1_mapping_stats.mapping_stats.txt,/hps/nobackup/flicek/ensembl/genebuild/ftricomi//hprc/hprc2_gb67/GCA_042031775.1/GCA_042031775.1_mapping_stats.mapping_stats.txt,366,89.05,411,205,86.5,237,1017,99.9,1018,7,36.84,19,34387,99.43,34584,1866,99.41,1877,2195,99.37,2209,10436,99.32,10507,19313,99.65,19381,3,75,4,52,98.11,488,99.8,489,53,8,100,8,5,100,5,1,100,1,49,100,49,1875,99.05,1893,938,99.89,939,258,99.61,259,3213,97.04,3311,4,100,4
GCA_42031805.1,GCA_042031805.1_mapping_stats.mapping_stats.txt,/hps/nobackup/flicek/ensembl/genebuild/ftricomi//hprc/v2_missing_stats/GCA_042031805.1_mapping_stats.mapping_stats.txt,352,85.64,411,218,91.98,237,1015,99.71,1018,7,36.84,19,34424,99.54,34584,1862,99.2,1877,2200,99.59,2209,10452,99.48,10507,19300,99.58,19381,4,100,4,53,100,488,99.8,489,53,8,100,8,5,100,5,1,100,1,49,100,49,1871,98.84,1893,938,99.89,939,257,99.23,259,3239,97.83,3311,4,100,4
GCA_42032115.1,GCA_042032115.1_mapping_stats.mapping_stats.txt,/hps/nobackup/flicek/ensembl/genebuild/ftricomi//hprc/v2_missing_stats/GCA_042032115.1_mapping_stats.mapping_stats.txt,369,89.78,411,227,95.78,237,1013,99.51,1018,7,36.84,19,34432,99.56,34584,1863,99.25,1877,2198,99.5,2209,10439,99.35,10507,19297,99.57,19381,4,100,4,53,100,487,99.59,489,53,8,100,8,5,100,5,1,100,1,49,100,49,1869,98.73,1893,936,99.68,939,259,100,259,3234,97.67,3311,4,100,4
GCA_42030225.1,GCA_042030225.1_mapping_stats.mapping_stats.txt,/hps/nobackup/flicek/ensembl/genebuild/ftricomi//hprc/v2_missing_stats/GCA_042030225.1_mapping_stats.mapping_stats.txt,396,96.35,411,230,97.05,237,1014,99.61,1018,7,36.84,19,34404,99.48,34584,1865,99.36,1877,2191,99.19,2209,10439,99.35,10507,19287,99.51,19381,4,100,4,52,98.11,487,99.59,489,53,8,100,8,5,100,5,1,100,1,49,100,49,1874,99,1893,933,99.36,939,259,100,259,3228,97.49,3311,4,100,4
GCA_42030255.1,GCA_042030255.1_mapping_stats.mapping_stats.txt,/hps/nobackup/flicek/ensembl/genebuild/ftricomi//hprc/v2_missing_stats/GCA_042030255.1_mapping_stats.mapping_stats.txt,360,87.59,411,230,97.05,237,1016,99.8,1018,7,36.84,19,34405,99.48,34584,1863,99.25,1877,2194,99.32,2209,10453,99.49,10507,19301,99.59,19381,4,100,4,52,98.11,485,99.18,489,53,8,100,8,5,100,5,1,100,1,48,97.96,49,1871,98.84,1893,939,100,939,259,100,259,3228,97.49,3311,4,100,4
GCA_42031845.1,GCA_042031845.1_mapping_stats.mapping_stats.txt,/hps/nobackup/flicek/ensembl/genebuild/ftricomi//hprc/v2_missing_stats/GCA_042031845.1_mapping_stats.mapping_stats.txt,380,92.46,411,227,95.78,237,1015,99.71,1018,7,36.84,19,34430,99.55,34584,1864,99.31,1877,2199,99.55,2209,10435,99.31,10507,19304,99.6,19381,4,100,4,51,96.23,487,99.59,489,53,8,100,8,5,100,5,1,100,1,49,100,49,1876,99.1,1893,935,99.57,939,258,99.61,259,3219,97.22,3311,4,100,4
GCA_42030695.1,GCA_042030695.1_mapping_stats.mapping_stats.txt,/hps/nobackup/flicek/ensembl/genebuild/ftricomi//hprc/v2_missing_stats/GCA_042030695.1_mapping_stats.mapping_stats.txt,387,94.16,411,233,98.31,237,1015,99.71,1018,7,36.84,19,34418,99.52,34584,1865,99.36,1877,2192,99.23,2209,10429,99.26,10507,19294,99.55,19381,4,100,4,53,100,488,99.8,489,53,8,100,8,5,100,5,1,100,1,47,95.92,49,1874,99,1893,936,99.68,939,256,98.84,259,3233,97.64,3311,4,100,4
GCA_42031485.1,GCA_042031485.1_mapping_stats.mapping_stats.txt,/hps/nobackup/flicek/ensembl/genebuild/ftricomi/hprc/v2_missing_stats/GCA_042031485.1_mapping_stats.mapping_stats.txt,348,84.67,411,201,84.81,237,1017,99.9,1018,7,36.84,19,34410,99.5,34584,1867,99.47,1877,2197,99.46,2209,10434,99.31,10507,19316,99.66,19381,4,100,4,53,100,487,99.59,489,53,8,100,8,5,100,5,1,100,1,49,100,49,1874,99,1893,939,100,939,256,98.84,259,3227,97.46,3311,4,100,4
GCA_42031355.1,GCA_042031355.1_mapping_stats.mapping_stats.txt,/hps/nobackup/flicek/ensembl/genebuild/ftricomi//hprc/hprc2_gb67/GCA_042031355.1/GCA_042031355.1_mapping_stats.mapping_stats.txt,386,93.92,411,226,95.36,237,1016,99.8,1018,7,36.84,19,34426,99.54,34584,1868,99.52,1877,2201,99.64,2209,10437,99.33,10507,19311,99.64,19381,4,100,4,53,100,489,100,489,53,8,100,8,5,100,5,1,100,1,49,100,49,1874,99,1893,935,99.57,939,259,100,259,3241,97.89,3311,4,100,4
GCA_42030975.1,GCA_042030975.1_mapping_stats.mapping_stats.txt,/hps/nobackup/flicek/ensembl/genebuild/ftricomi//hprc/hprc2_gb67/GCA_042030975.1/GCA_042030975.1_mapping_stats.mapping_stats.txt,339,82.48,411,199,83.97,237,1017,99.9,1018,7,36.84,19,34435,99.57,34584,1859,99.04,1877,2199,99.55,2209,10440,99.36,10507,19318,99.67,19381,4,100,4,53,100,489,100,489,53,8,100,8,5,100,5,1,100,1,48,97.96,49,1878,99.21,1893,939,100,939,258,99.61,259,3246,98.04,3311,4,100,4
GCA_42031405.1,GCA_042031405.1_mapping_stats.mapping_stats.txt,/hps/nobackup/flicek/ensembl/genebuild/ftricomi//hprc/hprc2_gb67/GCA_042031405.1/GCA_042031405.1_mapping_stats.mapping_stats.txt,321,78.1,411,179,75.53,237,1015,99.71,1018,7,36.84,19,34410,99.5,34584,1867,99.47,1877,2195,99.37,2209,10454,99.5,10507,19296,99.56,19381,4,100,4,50,94.34,487,99.59,489,53,8,100,8,5,100,5,1,100,1,49,100,49,1882,99.42,1893,936,99.68,939,259,100,259,3222,97.31,3311,4,100,4
GCA_42031415.1,GCA_042031415.1_mapping_stats.mapping_stats.txt,/hps/nobackup/flicek/ensembl/genebuild/ftricomi//hprc/hprc2_gb67/GCA_042031415.1/GCA_042031415.1_mapping_stats.mapping_stats.txt,367,89.29,411,204,86.08,237,1016,99.8,1018,7,36.84,19,34404,99.48,34584,1871,99.68,1877,2196,99.41,2209,10438,99.34,10507,19299,99.58,19381,4,100,4,51,96.23,487,99.59,489,53,8,100,8,5,100,5,1,100,1,49,100,49,1874,99,1893,937,99.79,939,259,100,259,3236,97.73,3311,4,100,4
GCA_42031955.1,GCA_042031955.1_mapping_stats.mapping_stats.txt,/hps/nobackup/flicek/ensembl/genebuild/ftricomi//hprc/hprc2_gb67/GCA_042031955.1/GCA_042031955.1_mapping_stats.mapping_stats.txt,386,93.92,411,225,94.94,237,1016,99.8,1018,7,36.84,19,34436,99.57,34584,1868,99.52,1877,2199,99.55,2209,10443,99.39,10507,19317,99.67,19381,4,100,4,50,94.34,488,99.8,489,53,8,100,8,5,100,5,1,100,1,49,100,49,1879,99.26,1893,936,99.68,939,259,100,259,3240,97.86,3311,4,100,4
GCA_42030595.1,GCA_042030595.1_mapping_stats.mapping_stats.txt,/hps/nobackup/flicek/ensembl/genebuild/ftricomi//hprc/hprc2_gb67/GCA_042030595.1/GCA_042030595.1_mapping_stats.mapping_stats.txt,384,93.43,411,227,95.78,237,1017,99.9,1018,7,36.84,19,34426,99.54,34584,1867,99.47,1877,2196,99.41,2209,10458,99.53,10507,19301,99.59,19381,4,100,4,53,100,489,100,489,53,8,100,8,5,100,5,1,100,1,47,95.92,49,1867,98.63,1893,937,99.79,939,259,100,259,3224,97.37,3311,4,100,4
GCA_42032335.1,GCA_042032335.1_mapping_stats.mapping_stats.txt,/hps/nobackup/flicek/ensembl/genebuild/ftricomi//hprc/hprc2_gb67/GCA_042032335.1/GCA_042032335.1_mapping_stats.mapping_stats.txt,405,98.54,411,233,98.31,237,1016,99.8,1018,7,36.84,19,34413,99.51,34584,1869,99.57,1877,2195,99.37,2209,10438,99.34,10507,19283,99.49,19381,4,100,4,53,100,489,100,489,53,8,100,8,5,100,5,1,100,1,49,100,49,1867,98.63,1893,936,99.68,939,259,100,259,3214,97.07,3311,4,100,4
GCA_42034145.1,GCA_042034145.1_mapping_stats.mapping_stats.txt,/hps/nobackup/flicek/ensembl/genebuild/ftricomi//hprc/v2_missing_stats/GCA_042034145.1_mapping_stats.mapping_stats.txt,358,87.1,411,216,91.14,237,1017,99.9,1018,7,36.84,19,34415,99.51,34584,1864,99.31,1877,2193,99.28,2209,10442,99.38,10507,19301,99.59,19381,4,100,4,52,98.11,489,100,489,53,8,100,8,5,100,5,1,100,1,49,100,49,1866,98.57,1893,935,99.57,939,259,100,259,3202,96.71,3311,4,100,4
GCA_42034175.1,GCA_042034175.1_mapping_stats.mapping_stats.txt,/hps/nobackup/flicek/ensembl/genebuild/ftricomi//hprc/v2_missing_stats/GCA_042034175.1_mapping_stats.mapping_stats.txt,372,90.51,411,232,97.89,237,1017,99.9,1018,7,36.84,19,34430,99.55,34584,1866,99.41,1877,2201,99.64,2209,10449,99.45,10507,19301,99.59,19381,4,100,4,52,98.11,487,99.59,489,53,8,100,8,5,100,5,1,100,1,49,100,49,1878,99.21,1893,939,100,939,259,100,259,3226,97.43,3311,3,75,4
GCA_42034155.1,GCA_042034155.1_mapping_stats.mapping_stats.txt,/hps/nobackup/flicek/ensembl/genebuild/jackt/hprc/hprc2_gb23_production/GCA_042034155.1/GCA_042034155.1_mapping_stats.mapping_stats.txt,392,95.38,411,228,96.2,237,1015,99.71,1018,7,36.84,19,34465,99.66,34584,1870,99.63,1877,2199,99.55,2209,10470,99.65,10507,19321,99.69,19381,4,100,4,53,100,488,99.8,489,53,8,100,8,5,100,5,1,100,1,49,100,49,1881,99.37,1893,935,99.57,939,259,100,259,3262,98.52,3311,4,100,4
GCA_42034105.1,GCA_042034105.1_mapping_stats.mapping_stats.txt,/hps/nobackup/flicek/ensembl/genebuild/ftricomi//hprc/hprc2_gb67/GCA_042034105.1/GCA_042034105.1_mapping_stats.mapping_stats.txt,405,98.54,411,234,98.73,237,1015,99.71,1018,7,36.84,19,34425,99.54,34584,1867,99.47,1877,2197,99.46,2209,10436,99.32,10507,19306,99.61,19381,4,100,4,52,98.11,488,99.8,489,53,8,100,8,5,100,5,1,100,1,49,100,49,1879,99.26,1893,938,99.89,939,259,100,259,3245,98.01,3311,4,100,4
GCA_42034195.1,GCA_042034195.1_mapping_stats.mapping_stats.txt,/hps/nobackup/flicek/ensembl/genebuild/ftricomi//hprc/hprc2_gb67/GCA_042034195.1/GCA_042034195.1_mapping_stats.mapping_stats.txt,395,96.11,411,228,96.2,237,1016,99.8,1018,7,36.84,19,34425,99.54,34584,1867,99.47,1877,2198,99.5,2209,10451,99.47,10507,19276,99.46,19381,4,100,4,53,100,488,99.8,489,53,8,100,8,5,100,5,1,100,1,49,100,49,1875,99.05,1893,939,100,939,258,99.61,259,3212,97.01,3311,4,100,4
GCA_42034465.1,GCA_042034465.1_mapping_stats.mapping_stats.txt,/hps/nobackup/flicek/ensembl/genebuild/ftricomi//hprc/hprc2_gb67/GCA_042034465.1/GCA_042034465.1_mapping_stats.mapping_stats.txt,380,92.46,411,224,94.51,237,1011,99.31,1018,7,36.84,19,34417,99.52,34584,1869,99.57,1877,2197,99.46,2209,10456,99.51,10507,19284,99.5,19381,4,100,4,52,98.11,486,99.39,489,53,8,100,8,5,100,5,1,100,1,49,100,49,1872,98.89,1893,931,99.15,939,259,100,259,3240,97.86,3311,4,100,4
GCA_42034505.1,GCA_042034505.1_mapping_stats.mapping_stats.txt,/hps/nobackup/flicek/ensembl/genebuild/ftricomi//hprc/hprc2_gb67/GCA_042034505.1/GCA_042034505.1_mapping_stats.mapping_stats.txt,381,92.7,411,228,96.2,237,1017,99.9,1018,7,36.84,19,34420,99.53,34584,1864,99.31,1877,2197,99.46,2209,10411,99.09,10507,19278,99.47,19381,4,100,4,52,98.11,486,99.39,489,53,8,100,8,5,100,5,1,100,1,49,100,49,1872,98.89,1893,935,99.57,939,259,100,259,3232,97.61,3311,4,100,4
GCA_42034525.1,GCA_042034525.1_mapping_stats.mapping_stats.txt,/hps/nobackup/flicek/ensembl/genebuild/ftricomi//hprc/hprc2_gb67/GCA_042034525.1/GCA_042034525.1_mapping_stats.mapping_stats.txt,390,94.89,411,232,97.89,237,1016,99.8,1018,7,36.84,19,34423,99.53,34584,1863,99.25,1877,2194,99.32,2209,10444,99.4,10507,19306,99.61,19381,4,100,4,50,94.34,488,99.8,489,53,8,100,8,5,100,5,1,100,1,48,97.96,49,1880,99.31,1893,936,99.68,939,258,99.61,259,3229,97.52,3311,4,100,4
GCA_42034585.1,GCA_042034585.1_mapping_stats.mapping_stats.txt,/hps/nobackup/flicek/ensembl/genebuild/ftricomi//hprc/hprc2_gb67/GCA_042034585.1/GCA_042034585.1_mapping_stats.mapping_stats.txt,347,84.43,411,212,89.45,237,1016,99.8,1018,7,36.84,19,34405,99.48,34584,1863,99.25,1877,2194,99.32,2209,10431,99.28,10507,19311,99.64,19381,4,100,4,50,94.34,488,99.8,489,53,8,100,8,5,100,5,1,100,1,49,100,49,1879,99.26,1893,935,99.57,939,259,100,259,3216,97.13,3311,4,100,4
GCA_42034575.1,GCA_042034575.1_mapping_stats.mapping_stats.txt,/hps/nobackup/flicek/ensembl/genebuild/ftricomi//hprc/hprc2_gb67/GCA_042034575.1/GCA_042034575.1_mapping_stats.mapping_stats.txt,347,84.43,411,221,93.25,237,1017,99.9,1018,7,36.84,19,34425,99.54,34584,1858,98.99,1877,2199,99.55,2209,10438,99.34,10507,19315,99.66,19381,4,100,4,53,100,489,100,489,53,8,100,8,5,100,5,1,100,1,49,100,49,1881,99.37,1893,936,99.68,939,258,99.61,259,3235,97.7,3311,4,100,4
GCA_42035175.1,GCA_042035175.1_mapping_stats.mapping_stats.txt,/hps/nobackup/flicek/ensembl/genebuild/ftricomi//hprc/hprc2_gb67/GCA_042035175.1/GCA_042035175.1_mapping_stats.mapping_stats.txt,369,89.78,411,223,94.09,237,1015,99.71,1018,7,36.84,19,34419,99.52,34584,1862,99.2,1877,2195,99.37,2209,10445,99.41,10507,19306,99.61,19381,4,100,4,52,98.11,486,99.39,489,53,8,100,8,5,100,5,1,100,1,49,100,49,1862,98.36,1893,937,99.79,939,259,100,259,3224,97.37,3311,4,100,4
GCA_18471515.2,GCA_018471515.2_mapping_stats.mapping_stats.txt,/hps/nobackup/flicek/ensembl/genebuild/jackt/hprc/hprc2_gb45_production/GCA_018471515.2/GCA_018471515.2_mapping_stats.mapping_stats.txt,395,96.11,411,218,91.98,237,1018,100,1018,7,36.84,19,34456,99.63,34584,1865,99.36,1877,2198,99.5,2209,10461,99.56,10507,19326,99.72,19381,2,50,4,50,94.34,489,100,489,53,8,100,8,5,100,5,1,100,1,49,100,49,1874,99,1893,937,99.79,939,259,100,259,3245,98.01,3311,4,100,4
GCA_42036935.1,GCA_042036935.1_mapping_stats.mapping_stats.txt,/hps/nobackup/flicek/ensembl/genebuild/ftricomi//hprc/hprc2_gb67/GCA_042036935.1/GCA_042036935.1_mapping_stats.mapping_stats.txt,368,89.54,411,228,96.2,237,1014,99.61,1018,7,36.84,19,34396,99.46,34584,1866,99.41,1877,2197,99.46,2209,10444,99.4,10507,19296,99.56,19381,4,100,4,53,100,488,99.8,489,53,8,100,8,5,100,5,1,100,1,49,100,49,1874,99,1893,933,99.36,939,259,100,259,3224,97.37,3311,4,100,4
GCA_42037155.1,GCA_042037155.1_mapping_stats.mapping_stats.txt,/hps/nobackup/flicek/ensembl/genebuild/ftricomi//hprc/hprc2_gb67/GCA_042037155.1/GCA_042037155.1_mapping_stats.mapping_stats.txt,332,80.78,411,193,81.43,237,1017,99.9,1018,7,36.84,19,34429,99.55,34584,1870,99.63,1877,2197,99.46,2209,10453,99.49,10507,19323,99.7,19381,4,100,4,52,98.11,488,99.8,489,53,8,100,8,5,100,5,1,100,1,49,100,49,1873,98.94,1893,936,99.68,939,258,99.61,259,3235,97.7,3311,4,100,4
GCA_42037715.1,GCA_042037715.1_mapping_stats.mapping_stats.txt,/hps/nobackup/flicek/ensembl/genebuild/ftricomi//hprc/hprc2_gb67/GCA_042037715.1/GCA_042037715.1_mapping_stats.mapping_stats.txt,342,83.21,411,215,90.72,237,1013,99.51,1018,7,36.84,19,34444,99.6,34584,1866,99.41,1877,2194,99.32,2209,10454,99.5,10507,19316,99.66,19381,4,100,4,51,96.23,488,99.8,489,53,8,100,8,5,100,5,1,100,1,49,100,49,1879,99.26,1893,939,100,939,258,99.61,259,3239,97.83,3311,4,100,4
GCA_18472565.2,GCA_018472565.2_mapping_stats.mapping_stats.txt,/hps/nobackup/flicek/ensembl/genebuild/jackt/hprc/hprc2_gb45_production/GCA_018472565.2/GCA_018472565.2_mapping_stats.mapping_stats.txt,387,94.16,411,224,94.51,237,1017,99.9,1018,7,36.84,19,34353,99.33,34584,1863,99.25,1877,2192,99.23,2209,10423,99.2,10507,19235,99.25,19381,4,100,4,51,96.23,486,99.39,489,53,8,100,8,5,100,5,1,100,1,48,97.96,49,1871,98.84,1893,934,99.47,939,255,98.46,259,3239,97.83,3311,4,100,4
GCA_18472685.2,GCA_018472685.2_mapping_stats.mapping_stats.txt,/hps/nobackup/flicek/ensembl/genebuild/jackt/hprc/hprc2_gb23_production/GCA_018472685.2/GCA_018472685.2_mapping_stats.mapping_stats.txt,360,87.59,411,213,89.87,237,1017,99.9,1018,7,36.84,19,34445,99.6,34584,1866,99.41,1877,2195,99.37,2209,10451,99.47,10507,19307,99.62,19381,4,100,4,52,98.11,487,99.59,489,53,8,100,8,5,100,5,1,100,1,49,100,49,1874,99,1893,939,100,939,259,100,259,3233,97.64,3311,4,100,4
GCA_42037735.1,GCA_042037735.1_mapping_stats.mapping_stats.txt,/hps/nobackup/flicek/ensembl/genebuild/ftricomi//hprc/v2_missing_stats/GCA_042037735.1_mapping_stats.mapping_stats.txt,,,,,,,,,,,,,,,,,,,,,,,,,,,,,,,,,,,,,,,,,,,,,,,,,,,,,,,,,,,,,,,
GCA_42037225.1,GCA_042037225.1_mapping_stats.mapping_stats.txt,/hps/nobackup/flicek/ensembl/genebuild/ftricomi//hprc/v2_missing_stats/GCA_042037225.1_mapping_stats.mapping_stats.txt,380,92.46,411,212,89.45,237,1016,99.8,1018,7,36.84,19,34418,99.52,34584,1866,99.41,1877,2197,99.46,2209,10448,99.44,10507,19304,99.6,19381,4,100,4,52,98.11,488,99.8,489,53,8,100,8,5,100,5,1,100,1,49,100,49,1876,99.1,1893,937,99.79,939,259,100,259,3204,96.77,3311,4,100,4
GCA_18469665.2,GCA_018469665.2_mapping_stats.mapping_stats.txt,/hps/nobackup/flicek/ensembl/genebuild/jackt/hprc/hprc2_gb23_production/GCA_018469665.2/GCA_018469665.2_mapping_stats.mapping_stats.txt,378,91.97,411,228,96.2,237,1017,99.9,1018,7,36.84,19,34456,99.63,34584,1869,99.57,1877,2190,99.14,2209,10459,99.54,10507,19310,99.63,19381,4,100,4,52,98.11,488,99.8,489,53,8,100,8,5,100,5,1,100,1,47,95.92,49,1878,99.21,1893,939,100,939,259,100,259,3237,97.77,3311,4,100,4
GCA_42037355.1,GCA_042037355.1_mapping_stats.mapping_stats.txt,/hps/nobackup/flicek/ensembl/genebuild/ftricomi//hprc/v2_missing_stats/GCA_042037355.1_mapping_stats.mapping_stats.txt,364,88.56,411,215,90.72,237,1018,100,1018,7,36.84,19,34434,99.57,34584,1866,99.41,1877,2196,99.41,2209,10448,99.44,10507,19308,99.62,19381,4,100,4,52,98.11,487,99.59,489,53,8,100,8,5,100,5,1,100,1,49,100,49,1871,98.84,1893,938,99.89,939,259,100,259,3234,97.67,3311,4,100,4
GCA_42038095.1,GCA_042038095.1_mapping_stats.mapping_stats.txt,/hps/nobackup/flicek/ensembl/genebuild/ftricomi//hprc/v2_missing_stats/GCA_042038095.1_mapping_stats.mapping_stats.txt,321,78.1,411,169,71.31,237,1015,99.71,1018,7,36.84,19,34408,99.49,34584,1870,99.63,1877,2192,99.23,2209,10452,99.48,10507,19310,99.63,19381,4,100,4,52,98.11,487,99.59,489,53,8,100,8,5,100,5,1,100,1,48,97.96,49,1878,99.21,1893,938,99.89,939,259,100,259,3211,96.98,3311,4,100,4
GCA_18469865.2,GCA_018469865.2_mapping_stats.mapping_stats.txt,/hps/nobackup/flicek/ensembl/genebuild/jackt/hprc/hprc2_gb23_production/GCA_018469865.2/GCA_018469865.2_mapping_stats.mapping_stats.txt,351,85.4,411,221,93.25,237,1017,99.9,1018,7,36.84,19,34395,99.45,34584,1862,99.2,1877,2186,98.96,2209,10445,99.41,10507,19281,99.48,19381,4,100,4,51,96.23,487,99.59,489,53,8,100,8,5,100,5,1,100,1,49,100,49,1876,99.1,1893,937,99.79,939,258,99.61,259,3200,96.65,3311,4,100,4
GCA_18469685.2,GCA_018469685.2_mapping_stats.mapping_stats.txt,/hps/nobackup/flicek/ensembl/genebuild/jackt/hprc/hprc2_gb23_production/GCA_018469685.2/GCA_018469685.2_mapping_stats.mapping_stats.txt,377,91.73,411,226,95.36,237,1013,99.51,1018,7,36.84,19,34338,99.29,34584,1863,99.25,1877,2184,98.87,2209,10406,99.04,10507,19286,99.51,19381,3,75,4,50,94.34,488,99.8,489,53,8,100,8,5,100,5,1,100,1,47,95.92,49,1866,98.57,1893,933,99.36,939,259,100,259,3219,97.22,3311,4,100,4
GCA_18472695.2,GCA_018472695.2_mapping_stats.mapping_stats.txt,/hps/nobackup/flicek/ensembl/genebuild/ftricomi//hprc/hprc2_gb67/GCA_018472695.2/GCA_018472695.2_mapping_stats.mapping_stats.txt,363,88.32,411,218,91.98,237,1017,99.9,1018,7,36.84,19,34414,99.51,34584,1870,99.63,1877,2194,99.32,2209,10442,99.38,10507,19282,99.49,19381,4,100,4,52,98.11,487,99.59,489,53,8,100,8,5,100,5,1,100,1,49,100,49,1876,99.1,1893,936,99.68,939,259,100,259,3231,97.58,3311,4,100,4
GCA_42038345.1,GCA_042038345.1_mapping_stats.mapping_stats.txt,/hps/nobackup/flicek/ensembl/genebuild/ftricomi//hprc/v2_missing_stats/GCA_042038345.1_mapping_stats.mapping_stats.txt,334,81.27,411,203,85.65,237,1017,99.9,1018,7,36.84,19,34410,99.5,34584,1864,99.31,1877,2201,99.64,2209,10448,99.44,10507,19303,99.6,19381,4,100,4,53,100,489,100,489,53,8,100,8,5,100,5,1,100,1,49,100,49,1872,98.89,1893,937,99.79,939,257,99.23,259,3230,97.55,3311,4,100,4
GCA_42037435.1,GCA_042037435.1_mapping_stats.mapping_stats.txt,/hps/nobackup/flicek/ensembl/genebuild/ftricomi//hprc/v2_missing_stats/GCA_042037435.1_mapping_stats.mapping_stats.txt,350,85.16,411,215,90.72,237,1017,99.9,1018,7,36.84,19,34421,99.53,34584,1871,99.68,1877,2201,99.64,2209,10436,99.32,10507,19311,99.64,19381,4,100,4,53,100,487,99.59,489,53,8,100,8,5,100,5,1,100,1,49,100,49,1864,98.47,1893,938,99.89,939,258,99.61,259,3230,97.55,3311,4,100,4
GCA_42037445.1,GCA_042037445.1_mapping_stats.mapping_stats.txt,/hps/nobackup/flicek/ensembl/genebuild/jackt/hprc/hprc2_gb23_production/GCA_042037445.1/GCA_042037445.1_mapping_stats.mapping_stats.txt,389,94.65,411,229,96.62,237,1017,99.9,1018,7,36.84,19,34449,99.61,34584,1866,99.41,1877,2193,99.28,2209,10452,99.48,10507,19317,99.67,19381,4,100,4,52,98.11,489,100,489,53,8,100,8,5,100,5,1,100,1,48,97.96,49,1879,99.26,1893,937,99.79,939,259,100,259,3243,97.95,3311,4,100,4
GCA_42037555.1,GCA_042037555.1_mapping_stats.mapping_stats.txt,/hps/nobackup/flicek/ensembl/genebuild/jackt/hprc/hprc2_gb23_production/GCA_042037555.1/GCA_042037555.1_mapping_stats.mapping_stats.txt,367,89.29,411,227,95.78,237,1015,99.71,1018,7,36.84,19,34412,99.5,34584,1863,99.25,1877,2197,99.46,2209,10444,99.4,10507,19289,99.53,19381,3,75,4,52,98.11,488,99.8,489,53,8,100,8,5,100,5,1,100,1,49,100,49,1869,98.73,1893,936,99.68,939,258,99.61,259,3224,97.37,3311,4,100,4
GCA_18472865.2,GCA_018472865.2_mapping_stats.mapping_stats.txt,/hps/nobackup/flicek/ensembl/genebuild/ftricomi//hprc/hprc2_gb67/GCA_018472865.2/GCA_018472865.2_mapping_stats.mapping_stats.txt,365,88.81,411,230,97.05,237,1017,99.9,1018,7,36.84,19,34449,99.61,34584,1860,99.09,1877,2198,99.5,2209,10453,99.49,10507,19306,99.61,19381,3,75,4,53,100,488,99.8,489,53,8,100,8,5,100,5,1,100,1,49,100,49,1879,99.26,1893,935,99.57,939,259,100,259,3235,97.7,3311,3,75,4
GCA_42036105.1,GCA_042036105.1_mapping_stats.mapping_stats.txt,/hps/nobackup/flicek/ensembl/genebuild/ftricomi//hprc/v2_missing_stats/GCA_042036105.1_mapping_stats.mapping_stats.txt,358,87.1,411,225,94.94,237,1015,99.71,1018,7,36.84,19,34399,99.47,34584,1865,99.36,1877,2198,99.5,2209,10441,99.37,10507,19288,99.52,19381,4,100,4,52,98.11,488,99.8,489,53,8,100,8,5,100,5,1,100,1,49,100,49,1868,98.68,1893,934,99.47,939,259,100,259,3217,97.16,3311,4,100,4
GCA_42036205.1,GCA_042036205.1_mapping_stats.mapping_stats.txt,/hps/nobackup/flicek/ensembl/genebuild/ftricomi//hprc/v2_missing_stats/GCA_042036205.1_mapping_stats.mapping_stats.txt,399,97.08,411,226,95.36,237,1016,99.8,1018,7,36.84,19,34441,99.59,34584,1871,99.68,1877,2200,99.59,2209,10457,99.52,10507,19310,99.63,19381,4,100,4,52,98.11,486,99.39,489,53,8,100,8,5,100,5,1,100,1,49,100,49,1873,98.94,1893,937,99.79,939,259,100,259,3255,98.31,3311,4,100,4
GCA_42036245.1,GCA_042036245.1_mapping_stats.mapping_stats.txt,/hps/nobackup/flicek/ensembl/genebuild/ftricomi//hprc/v2_missing_stats/GCA_042036245.1_mapping_stats.mapping_stats.txt,373,90.75,411,227,95.78,237,1015,99.71,1018,7,36.84,19,34428,99.55,34584,1866,99.41,1877,2200,99.59,2209,10445,99.41,10507,19298,99.57,19381,4,100,4,51,96.23,488,99.8,489,53,8,100,8,5,100,5,1,100,1,49,100,49,1873,98.94,1893,937,99.79,939,259,100,259,3223,97.34,3311,4,100,4
GCA_18466845.2,GCA_018466845.2_mapping_stats.mapping_stats.txt,/hps/nobackup/flicek/ensembl/genebuild/ftricomi//hprc/hprc2_gb67/GCA_018466845.2/GCA_018466845.2_mapping_stats.mapping_stats.txt,375,91.24,411,232,97.89,237,1017,99.9,1018,7,36.84,19,34423,99.53,34584,1863,99.25,1877,2190,99.14,2209,10436,99.32,10507,19305,99.61,19381,3,75,4,52,98.11,489,100,489,53,8,100,8,5,100,5,1,100,1,48,97.96,49,1880,99.31,1893,938,99.89,939,258,99.61,259,3208,96.89,3311,4,100,4
GCA_42038585.1,GCA_042038585.1_mapping_stats.mapping_stats.txt,/hps/nobackup/flicek/ensembl/genebuild/ftricomi//hprc/v2_missing_stats/GCA_042038585.1_mapping_stats.mapping_stats.txt,344,83.7,411,215,90.72,237,1015,99.71,1018,7,36.84,19,34422,99.53,34584,1862,99.2,1877,2200,99.59,2209,10441,99.37,10507,19312,99.64,19381,4,100,4,53,100,487,99.59,489,53,8,100,8,5,100,5,1,100,1,48,97.96,49,1873,98.94,1893,938,99.89,939,259,100,259,3229,97.52,3311,4,100,4
GCA_18469935.2,GCA_018469935.2_mapping_stats.mapping_stats.txt,/hps/nobackup/flicek/ensembl/genebuild/jackt/hprc/hprc2_gb23_production/GCA_018469935.2/GCA_018469935.2_mapping_stats.mapping_stats.txt,389,94.65,411,228,96.2,237,1017,99.9,1018,7,36.84,19,34438,99.58,34584,1862,99.2,1877,2193,99.28,2209,10445,99.41,10507,19288,99.52,19381,3,75,4,52,98.11,489,100,489,53,8,100,8,5,100,5,1,100,1,47,95.92,49,1877,99.15,1893,937,99.79,939,258,99.61,259,3230,97.55,3311,4,100,4
GCA_42036255.1,GCA_042036255.1_mapping_stats.mapping_stats.txt,/hps/nobackup/flicek/ensembl/genebuild/ftricomi//hprc/v2_missing_stats/GCA_042036255.1_mapping_stats.mapping_stats.txt,346,84.18,411,200,84.39,237,1016,99.8,1018,7,36.84,19,34425,99.54,34584,1866,99.41,1877,2194,99.32,2209,10449,99.45,10507,19296,99.56,19381,4,100,4,52,98.11,487,99.59,489,53,8,100,8,5,100,5,1,100,1,49,100,49,1874,99,1893,938,99.89,939,258,99.61,259,3246,98.04,3311,4,100,4
GCA_42038595.1,GCA_042038595.1_mapping_stats.mapping_stats.txt,/hps/nobackup/flicek/ensembl/genebuild/ftricomi//hprc/v2_missing_stats/GCA_042038595.1_mapping_stats.mapping_stats.txt,349,84.91,411,212,89.45,237,1017,99.9,1018,7,36.84,19,34420,99.53,34584,1871,99.68,1877,2200,99.59,2209,10452,99.48,10507,19311,99.64,19381,4,100,4,52,98.11,487,99.59,489,53,8,100,8,5,100,5,1,100,1,49,100,49,1872,98.89,1893,938,99.89,939,259,100,259,3243,97.95,3311,4,100,4
GCA_42037625.1,GCA_042037625.1_mapping_stats.mapping_stats.txt,/hps/nobackup/flicek/ensembl/genebuild/ftricomi//hprc/v2_missing_stats/GCA_042037625.1_mapping_stats.mapping_stats.txt,382,92.94,411,224,94.51,237,1016,99.8,1018,7,36.84,19,34404,99.48,34584,1861,99.15,1877,2199,99.55,2209,10426,99.23,10507,19301,99.59,19381,3,75,4,52,98.11,486,99.39,489,53,8,100,8,5,100,5,1,100,1,49,100,49,1879,99.26,1893,934,99.47,939,259,100,259,3207,96.86,3311,4,100,4
GCA_42037705.1,GCA_042037705.1_mapping_stats.mapping_stats.txt,/hps/nobackup/flicek/ensembl/genebuild/ftricomi//hprc/hprc2_gb67/GCA_042037705.1/GCA_042037705.1_mapping_stats.mapping_stats.txt,359,87.35,411,218,91.98,237,1017,99.9,1018,7,36.84,19,34446,99.6,34584,1867,99.47,1877,2199,99.55,2209,10441,99.37,10507,19311,99.64,19381,4,100,4,53,100,489,100,489,53,8,100,8,5,100,5,1,100,1,49,100,49,1877,99.15,1893,938,99.89,939,259,100,259,3228,97.49,3311,4,100,4
GCA_18469425.2,GCA_018469425.2_mapping_stats.mapping_stats.txt,/hps/nobackup/flicek/ensembl/genebuild/ftricomi//hprc/hprc2_gb67/GCA_018469425.2/GCA_018469425.2_mapping_stats.mapping_stats.txt,385,93.67,411,229,96.62,237,1017,99.9,1018,7,36.84,19,34440,99.58,34584,1866,99.41,1877,2200,99.59,2209,10453,99.49,10507,19310,99.63,19381,3,75,4,51,96.23,488,99.8,489,53,8,100,8,5,100,5,1,100,1,49,100,49,1875,99.05,1893,932,99.25,939,258,99.61,259,3224,97.37,3311,4,100,4
GCA_42036285.1,GCA_042036285.1_mapping_stats.mapping_stats.txt,/hps/nobackup/flicek/ensembl/genebuild/ftricomi//hprc/hprc2_gb67/GCA_042036285.1/GCA_042036285.1_mapping_stats.mapping_stats.txt,362,88.08,411,216,91.14,237,1016,99.8,1018,7,36.84,19,34425,99.54,34584,1866,99.41,1877,2195,99.37,2209,10448,99.44,10507,19299,99.58,19381,4,100,4,53,100,488,99.8,489,53,8,100,8,5,100,5,1,100,1,49,100,49,1875,99.05,1893,936,99.68,939,259,100,259,3217,97.16,3311,4,100,4
GCA_42036275.1,GCA_042036275.1_mapping_stats.mapping_stats.txt,/hps/nobackup/flicek/ensembl/genebuild/ftricomi//hprc/hprc2_gb67/GCA_042036275.1/GCA_042036275.1_mapping_stats.mapping_stats.txt,347,84.43,411,215,90.72,237,1018,100,1018,7,36.84,19,34447,99.6,34584,1866,99.41,1877,2198,99.5,2209,10444,99.4,10507,19318,99.67,19381,3,75,4,52,98.11,488,99.8,489,53,8,100,8,5,100,5,1,100,1,49,100,49,1878,99.21,1893,937,99.79,939,258,99.61,259,3233,97.64,3311,4,100,4
GCA_42036305.1,GCA_042036305.1_mapping_stats.mapping_stats.txt,/hps/nobackup/flicek/ensembl/genebuild/ftricomi//hprc/hprc2_gb67/GCA_042036305.1/GCA_042036305.1_mapping_stats.mapping_stats.txt,336,81.75,411,210,88.61,237,1014,99.61,1018,7,36.84,19,34398,99.46,34584,1860,99.09,1877,2193,99.28,2209,10442,99.38,10507,19314,99.65,19381,3,75,4,52,98.11,488,99.8,489,53,8,100,8,5,100,5,1,100,1,49,100,49,1867,98.63,1893,937,99.79,939,259,100,259,3227,97.46,3311,4,100,4
GCA_42036395.1,GCA_042036395.1_mapping_stats.mapping_stats.txt,/hps/nobackup/flicek/ensembl/genebuild/ftricomi//hprc/hprc2_gb67/GCA_042036395.1/GCA_042036395.1_mapping_stats.mapping_stats.txt,352,85.64,411,214,90.3,237,1015,99.71,1018,7,36.84,19,34433,99.56,34584,1865,99.36,1877,2200,99.59,2209,10450,99.46,10507,19295,99.56,19381,4,100,4,52,98.11,488,99.8,489,53,8,100,8,5,100,5,1,100,1,47,95.92,49,1870,98.78,1893,938,99.89,939,259,100,259,3225,97.4,3311,4,100,4
GCA_42036425.1,GCA_042036425.1_mapping_stats.mapping_stats.txt,/hps/nobackup/flicek/ensembl/genebuild/ftricomi//hprc/hprc2_gb67/GCA_042036425.1/GCA_042036425.1_mapping_stats.mapping_stats.txt,379,92.21,411,224,94.51,237,1016,99.8,1018,7,36.84,19,34484,99.71,34584,1870,99.63,1877,2202,99.68,2209,10469,99.64,10507,19331,99.74,19381,4,100,4,53,100,489,100,489,53,8,100,8,5,100,5,1,100,1,48,97.96,49,1879,99.26,1893,938,99.89,939,259,100,259,3256,98.34,3311,4,100,4
GCA_42036915.1,GCA_042036915.1_mapping_stats.mapping_stats.txt,/hps/nobackup/flicek/ensembl/genebuild/ftricomi//hprc/hprc2_gb67/GCA_042036915.1/GCA_042036915.1_mapping_stats.mapping_stats.txt,369,89.78,411,229,96.62,237,1013,99.51,1018,7,36.84,19,34418,99.52,34584,1864,99.31,1877,2199,99.55,2209,10445,99.41,10507,19299,99.58,19381,4,100,4,52,98.11,488,99.8,489,53,8,100,8,5,100,5,1,100,1,49,100,49,1875,99.05,1893,935,99.57,939,259,100,259,3223,97.34,3311,4,100,4
GCA_46116005.1,GCA_046116005.1_mapping_stats.mapping_stats.txt,/hps/nobackup/flicek/ensembl/genebuild/jackt/hprc/hprc2_gb23_production/GCA_046116005.1/GCA_046116005.1_mapping_stats.mapping_stats.txt,367,89.29,411,230,97.05,237,1015,99.71,1018,7,36.84,19,34443,99.59,34584,1865,99.36,1877,2197,99.46,2209,10450,99.46,10507,19310,99.63,19381,4,100,4,53,100,488,99.8,489,53,8,100,8,5,100,5,1,100,1,49,100,49,1877,99.15,1893,937,99.79,939,259,100,259,3237,97.77,3311,4,100,4
GCA_46116015.1,GCA_046116015.1_mapping_stats.mapping_stats.txt,/hps/nobackup/flicek/ensembl/genebuild/jackt/hprc/hprc2_gb23_production/GCA_046116015.1/GCA_046116015.1_mapping_stats.mapping_stats.txt,382,92.94,411,227,95.78,237,1017,99.9,1018,7,36.84,19,34437,99.57,34584,1870,99.63,1877,2192,99.23,2209,10441,99.37,10507,19291,99.54,19381,4,100,4,53,100,489,100,489,53,8,100,8,5,100,5,1,100,1,49,100,49,1867,98.63,1893,937,99.79,939,259,100,259,3226,97.43,3311,4,100,4
GCA_42076545.1,GCA_042076545.1_mapping_stats.mapping_stats.txt,/hps/nobackup/flicek/ensembl/genebuild/ftricomi//hprc/hprc2_gb67/GCA_042076545.1/GCA_042076545.1_mapping_stats.mapping_stats.txt,371,90.27,411,228,96.2,237,1015,99.71,1018,7,36.84,19,34365,99.37,34584,1854,98.77,1877,2184,98.87,2209,10431,99.28,10507,19201,99.07,19381,4,100,4,51,96.23,488,99.8,489,53,8,100,8,5,100,5,1,100,1,48,97.96,49,1874,99,1893,932,99.25,939,259,100,259,3201,96.68,3311,4,100,4
GCA_42076565.1,GCA_042076565.1_mapping_stats.mapping_stats.txt,/hps/nobackup/flicek/ensembl/genebuild/ftricomi//hprc/hprc2_gb67/GCA_042076565.1/GCA_042076565.1_mapping_stats.mapping_stats.txt,389,94.65,411,231,97.47,237,1016,99.8,1018,7,36.84,19,34454,99.62,34584,1870,99.63,1877,2201,99.64,2209,10464,99.59,10507,19323,99.7,19381,4,100,4,52,98.11,489,100,489,53,8,100,8,5,100,5,1,100,1,49,100,49,1879,99.26,1893,937,99.79,939,258,99.61,259,3257,98.37,3311,4,100,4
GCA_42076535.1,GCA_042076535.1_mapping_stats.mapping_stats.txt,/hps/nobackup/flicek/ensembl/genebuild/ftricomi//hprc/v2_missing_stats/GCA_042076535.1_mapping_stats.mapping_stats.txt,360,87.59,411,227,95.78,237,1015,99.71,1018,7,36.84,19,34391,99.44,34584,1861,99.15,1877,2198,99.5,2209,10443,99.39,10507,19301,99.59,19381,4,100,4,51,96.23,488,99.8,489,53,8,100,8,5,100,5,1,100,1,49,100,49,1863,98.42,1893,939,100,939,258,99.61,259,3226,97.43,3311,4,100,4
GCA_42076555.1,GCA_042076555.1_mapping_stats.mapping_stats.txt,/hps/nobackup/flicek/ensembl/genebuild/ftricomi//hprc/v2_missing_stats/GCA_042076555.1_mapping_stats.mapping_stats.txt,383,93.19,411,224,94.51,237,1016,99.8,1018,8,42.11,19,34418,99.52,34584,1866,99.41,1877,2202,99.68,2209,10443,99.39,10507,19292,99.54,19381,4,100,4,49,92.45,487,99.59,489,53,8,100,8,5,100,5,1,100,1,49,100,49,1876,99.1,1893,936,99.68,939,259,100,259,3236,97.73,3311,4,100,4
GCA_42076465.1,GCA_042076465.1_mapping_stats.mapping_stats.txt,/hps/nobackup/flicek/ensembl/genebuild/ftricomi//hprc/hprc2_gb67/GCA_042076465.1/GCA_042076465.1_mapping_stats.mapping_stats.txt,374,91,411,203,85.65,237,1015,99.71,1018,7,36.84,19,34416,99.51,34584,1871,99.68,1877,2190,99.14,2209,10423,99.2,10507,19313,99.65,19381,4,100,4,52,98.11,489,100,489,53,8,100,8,5,100,5,1,100,1,48,97.96,49,1872,98.89,1893,938,99.89,939,257,99.23,259,3234,97.67,3311,4,100,4
GCA_46056495.1,GCA_046056495.1_mapping_stats.mapping_stats.txt,/hps/nobackup/flicek/ensembl/genebuild/jackt/hprc/hprc2_gb23_production/GCA_046056495.1/GCA_046056495.1_mapping_stats.mapping_stats.txt,353,85.89,411,215,90.72,237,1015,99.71,1018,7,36.84,19,34401,99.47,34584,1864,99.31,1877,2195,99.37,2209,10426,99.23,10507,19297,99.57,19381,4,100,4,50,94.34,487,99.59,489,53,8,100,8,5,100,5,1,100,1,49,100,49,1872,98.89,1893,938,99.89,939,258,99.61,259,3228,97.49,3311,4,100,4
GCA_42077875.1,GCA_042077875.1_mapping_stats.mapping_stats.txt,/hps/nobackup/flicek/ensembl/genebuild/ftricomi//hprc/hprc2_gb67/GCA_042077875.1/GCA_042077875.1_mapping_stats.mapping_stats.txt,384,93.43,411,231,97.47,237,1017,99.9,1018,7,36.84,19,34409,99.49,34584,1862,99.2,1877,2188,99.05,2209,10444,99.4,10507,19300,99.58,19381,4,100,4,51,96.23,488,99.8,489,53,8,100,8,5,100,5,1,100,1,48,97.96,49,1878,99.21,1893,938,99.89,939,259,100,259,3217,97.16,3311,4,100,4
GCA_42077885.1,GCA_042077885.1_mapping_stats.mapping_stats.txt,/hps/nobackup/flicek/ensembl/genebuild/ftricomi//hprc/hprc2_gb67/GCA_042077885.1/GCA_042077885.1_mapping_stats.mapping_stats.txt,352,85.64,411,205,86.5,237,1018,100,1018,7,36.84,19,34386,99.43,34584,1869,99.57,1877,2194,99.32,2209,10456,99.51,10507,19292,99.54,19381,4,100,4,51,96.23,489,100,489,53,8,100,8,5,100,5,1,100,1,48,97.96,49,1874,99,1893,936,99.68,939,259,100,259,3234,97.67,3311,4,100,4
GCA_42077855.1,GCA_042077855.1_mapping_stats.mapping_stats.txt,/hps/nobackup/flicek/ensembl/genebuild/ftricomi//hprc/hprc2_gb67/GCA_042077855.1/GCA_042077855.1_mapping_stats.mapping_stats.txt,398,96.84,411,228,96.2,237,1018,100,1018,7,36.84,19,34410,99.5,34584,1869,99.57,1877,2195,99.37,2209,10449,99.45,10507,19280,99.48,19381,4,100,4,53,100,487,99.59,489,53,8,100,8,5,100,5,1,100,1,49,100,49,1873,98.94,1893,938,99.89,939,259,100,259,3242,97.92,3311,4,100,4
GCA_42078085.1,GCA_042078085.1_mapping_stats.mapping_stats.txt,/hps/nobackup/flicek/ensembl/genebuild/ftricomi//hprc/hprc2_gb67/GCA_042078085.1/GCA_042078085.1_mapping_stats.mapping_stats.txt,365,88.81,411,222,93.67,237,1015,99.71,1018,7,36.84,19,34433,99.56,34584,1871,99.68,1877,2201,99.64,2209,10463,99.58,10507,19315,99.66,19381,4,100,4,52,98.11,488,99.8,489,53,8,100,8,5,100,5,1,100,1,49,100,49,1878,99.21,1893,939,100,939,259,100,259,3244,97.98,3311,4,100,4
GCA_42077745.1,GCA_042077745.1_mapping_stats.mapping_stats.txt,/hps/nobackup/flicek/ensembl/genebuild/ftricomi//hprc/hprc2_gb67/GCA_042077745.1/GCA_042077745.1_mapping_stats.mapping_stats.txt,384,93.43,411,229,96.62,237,1016,99.8,1018,7,36.84,19,34430,99.55,34584,1874,99.84,1877,2199,99.55,2209,10447,99.43,10507,19307,99.62,19381,4,100,4,53,100,489,100,489,53,8,100,8,5,100,5,1,100,1,47,95.92,49,1876,99.1,1893,936,99.68,939,258,99.61,259,3254,98.28,3311,4,100,4
GCA_42077735.1,GCA_042077735.1_mapping_stats.mapping_stats.txt,/hps/nobackup/flicek/ensembl/genebuild/ftricomi//hprc/hprc2_gb67/GCA_042077735.1/GCA_042077735.1_mapping_stats.mapping_stats.txt,367,89.29,411,215,90.72,237,1018,100,1018,7,36.84,19,34427,99.55,34584,1870,99.63,1877,2196,99.41,2209,10460,99.55,10507,19295,99.56,19381,4,100,4,52,98.11,488,99.8,489,53,8,100,8,5,100,5,1,100,1,47,95.92,49,1878,99.21,1893,936,99.68,939,258,99.61,259,3250,98.16,3311,4,100,4
GCA_42077765.1,GCA_042077765.1_mapping_stats.mapping_stats.txt,/hps/nobackup/flicek/ensembl/genebuild/ftricomi//hprc/hprc2_gb67/GCA_042077765.1/GCA_042077765.1_mapping_stats.mapping_stats.txt,398,96.84,411,232,97.89,237,1015,99.71,1018,7,36.84,19,34414,99.51,34584,1868,99.52,1877,2198,99.5,2209,10451,99.47,10507,19302,99.59,19381,4,100,4,53,100,489,100,489,53,8,100,8,5,100,5,1,100,1,49,100,49,1876,99.1,1893,939,100,939,258,99.61,259,3225,97.4,3311,4,100,4
GCA_42076825.1,GCA_042076825.1_mapping_stats.mapping_stats.txt,/hps/nobackup/flicek/ensembl/genebuild/ftricomi//hprc/hprc2_gb67/GCA_042076825.1/GCA_042076825.1_mapping_stats.mapping_stats.txt,357,86.86,411,215,90.72,237,1018,100,1018,7,36.84,19,34434,99.57,34584,1867,99.47,1877,2193,99.28,2209,10447,99.43,10507,19305,99.61,19381,4,100,4,53,100,488,99.8,489,53,8,100,8,5,100,5,1,100,1,48,97.96,49,1873,98.94,1893,938,99.89,939,259,100,259,3227,97.46,3311,4,100,4
GCA_42076735.1,GCA_042076735.1_mapping_stats.mapping_stats.txt,/hps/nobackup/flicek/ensembl/genebuild/ftricomi//hprc/v2_missing_stats/GCA_042076735.1_mapping_stats.mapping_stats.txt,373,90.75,411,227,95.78,237,1017,99.9,1018,8,42.11,19,34414,99.51,34584,1868,99.52,1877,2193,99.28,2209,10427,99.24,10507,19290,99.53,19381,4,100,4,53,100,489,100,489,53,8,100,8,5,100,5,1,100,1,47,95.92,49,1876,99.1,1893,938,99.89,939,259,100,259,3223,97.34,3311,4,100,4
GCA_42077755.1,GCA_042077755.1_mapping_stats.mapping_stats.txt,/hps/nobackup/flicek/ensembl/genebuild/ftricomi//hprc/v2_missing_stats/GCA_042077755.1_mapping_stats.mapping_stats.txt,378,91.97,411,224,94.51,237,1013,99.51,1018,7,36.84,19,34445,99.6,34584,1864,99.31,1877,2197,99.46,2209,10443,99.39,10507,19308,99.62,19381,4,100,4,52,98.11,487,99.59,489,53,8,100,8,5,100,5,1,100,1,49,100,49,1876,99.1,1893,937,99.79,939,259,100,259,3234,97.67,3311,4,100,4
GCA_42076715.1,GCA_042076715.1_mapping_stats.mapping_stats.txt,/hps/nobackup/flicek/ensembl/genebuild/ftricomi//hprc/v2_missing_stats/GCA_042076715.1_mapping_stats.mapping_stats.txt,345,83.94,411,203,85.65,237,1015,99.71,1018,8,42.11,19,34411,99.5,34584,1855,98.83,1877,2196,99.41,2209,10442,99.38,10507,19297,99.57,19381,3,75,4,53,100,487,99.59,489,53,8,100,8,5,100,5,1,100,1,49,100,49,1872,98.89,1893,933,99.36,939,259,100,259,3209,96.92,3311,4,100,4
GCA_42077465.1,GCA_042077465.1_mapping_stats.mapping_stats.txt,/hps/nobackup/flicek/ensembl/genebuild/ftricomi//hprc/hprc2_gb67/GCA_042077465.1/GCA_042077465.1_mapping_stats.mapping_stats.txt,363,88.32,411,220,92.83,237,1015,99.71,1018,8,42.11,19,34439,99.58,34584,1863,99.25,1877,2199,99.55,2209,10443,99.39,10507,19313,99.65,19381,4,100,4,52,98.11,489,100,489,53,8,100,8,5,100,5,1,100,1,48,97.96,49,1880,99.31,1893,939,100,939,258,99.61,259,3249,98.13,3311,4,100,4
GCA_42077425.1,GCA_042077425.1_mapping_stats.mapping_stats.txt,/hps/nobackup/flicek/ensembl/genebuild/ftricomi//hprc/hprc2_gb67/GCA_042077425.1/GCA_042077425.1_mapping_stats.mapping_stats.txt,389,94.65,411,229,96.62,237,1012,99.41,1018,10,52.63,19,34354,99.33,34584,1863,99.25,1877,2200,99.59,2209,10432,99.29,10507,19271,99.43,19381,3,75,4,51,96.23,488,99.8,489,53,8,100,8,5,100,5,1,100,1,49,100,49,1876,99.1,1893,935,99.57,939,258,99.61,259,3207,96.86,3311,4,100,4
GCA_42076685.1,GCA_042076685.1_mapping_stats.mapping_stats.txt,/hps/nobackup/flicek/ensembl/genebuild/ftricomi//hprc/hprc2_gb67/GCA_042076685.1/GCA_042076685.1_mapping_stats.mapping_stats.txt,398,96.84,411,231,97.47,237,1016,99.8,1018,7,36.84,19,34405,99.48,34584,1868,99.52,1877,2191,99.19,2209,10455,99.51,10507,19308,99.62,19381,4,100,4,51,96.23,488,99.8,489,53,8,100,8,5,100,5,1,100,1,49,100,49,1878,99.21,1893,936,99.68,939,259,100,259,3220,97.25,3311,4,100,4
GCA_42077345.1,GCA_042077345.1_mapping_stats.mapping_stats.txt,/hps/nobackup/flicek/ensembl/genebuild/ftricomi//hprc/hprc2_gb67/GCA_042077345.1/GCA_042077345.1_mapping_stats.mapping_stats.txt,334,81.27,411,210,88.61,237,1016,99.8,1018,7,36.84,19,34435,99.57,34584,1860,99.09,1877,2197,99.46,2209,10445,99.41,10507,19322,99.7,19381,4,100,4,51,96.23,488,99.8,489,53,8,100,8,5,100,5,1,100,1,49,100,49,1882,99.42,1893,938,99.89,939,257,99.23,259,3240,97.86,3311,4,100,4
GCA_42077155.1,GCA_042077155.1_mapping_stats.mapping_stats.txt,/hps/nobackup/flicek/ensembl/genebuild/ftricomi//hprc/hprc2_gb67/GCA_042077155.1/GCA_042077155.1_mapping_stats.mapping_stats.txt,340,82.73,411,210,88.61,237,1016,99.8,1018,7,36.84,19,34420,99.53,34584,1864,99.31,1877,2198,99.5,2209,10453,99.49,10507,19309,99.63,19381,4,100,4,51,96.23,489,100,489,53,8,100,8,5,100,5,1,100,1,48,97.96,49,1883,99.47,1893,938,99.89,939,258,99.61,259,3250,98.16,3311,4,100,4
GCA_42077335.1,GCA_042077335.1_mapping_stats.mapping_stats.txt,/hps/nobackup/flicek/ensembl/genebuild/ftricomi//hprc/hprc2_gb67/GCA_042077335.1/GCA_042077335.1_mapping_stats.mapping_stats.txt,356,86.62,411,211,89.03,237,1014,99.61,1018,7,36.84,19,34406,99.49,34584,1863,99.25,1877,2194,99.32,2209,10445,99.41,10507,19301,99.59,19381,4,100,4,53,100,487,99.59,489,53,8,100,8,5,100,5,1,100,1,49,100,49,1871,98.84,1893,937,99.79,939,259,100,259,3211,96.98,3311,4,100,4
GCA_42077305.1,GCA_042077305.1_mapping_stats.mapping_stats.txt,/hps/nobackup/flicek/ensembl/genebuild/ftricomi//hprc/hprc2_gb67/GCA_042077305.1/GCA_042077305.1_mapping_stats.mapping_stats.txt,397,96.59,411,232,97.89,237,1013,99.51,1018,7,36.84,19,34409,99.49,34584,1866,99.41,1877,2196,99.41,2209,10453,99.49,10507,19300,99.58,19381,4,100,4,53,100,487,99.59,489,53,8,100,8,5,100,5,1,100,1,48,97.96,49,1875,99.05,1893,938,99.89,939,259,100,259,3220,97.25,3311,4,100,4
GCA_42077325.1,GCA_042077325.1_mapping_stats.mapping_stats.txt,/hps/nobackup/flicek/ensembl/genebuild/ftricomi//hprc/hprc2_gb67/GCA_042077325.1/GCA_042077325.1_mapping_stats.mapping_stats.txt,387,94.16,411,226,95.36,237,1013,99.51,1018,7,36.84,19,34387,99.43,34584,1863,99.25,1877,2197,99.46,2209,10402,99,10507,19301,99.59,19381,4,100,4,52,98.11,488,99.8,489,53,8,100,8,5,100,5,1,100,1,49,100,49,1876,99.1,1893,936,99.68,939,259,100,259,3211,96.98,3311,4,100,4
GCA_42077285.1,GCA_042077285.1_mapping_stats.mapping_stats.txt,/hps/nobackup/flicek/ensembl/genebuild/ftricomi//hprc/hprc2_gb67/GCA_042077285.1/GCA_042077285.1_mapping_stats.mapping_stats.txt,362,88.08,411,229,96.62,237,1017,99.9,1018,7,36.84,19,34427,99.55,34584,1860,99.09,1877,2198,99.5,2209,10443,99.39,10507,19320,99.69,19381,4,100,4,52,98.11,487,99.59,489,53,8,100,8,5,100,5,1,100,1,48,97.96,49,1877,99.15,1893,938,99.89,939,259,100,259,3242,97.92,3311,4,100,4
GCA_42077165.1,GCA_042077165.1_mapping_stats.mapping_stats.txt,/hps/nobackup/flicek/ensembl/genebuild/ftricomi//hprc/hprc2_gb67/GCA_042077165.1/GCA_042077165.1_mapping_stats.mapping_stats.txt,372,90.51,411,229,96.62,237,1017,99.9,1018,7,36.84,19,34436,99.57,34584,1871,99.68,1877,2194,99.32,2209,10461,99.56,10507,19317,99.67,19381,4,100,4,53,100,488,99.8,489,53,8,100,8,4,80,5,1,100,1,49,100,49,1879,99.26,1893,936,99.68,939,258,99.61,259,3241,97.89,3311,4,100,4
GCA_42077135.1,GCA_042077135.1_mapping_stats.mapping_stats.txt,/hps/nobackup/flicek/ensembl/genebuild/ftricomi//hprc/hprc2_gb67/GCA_042077135.1/GCA_042077135.1_mapping_stats.mapping_stats.txt,358,87.1,411,211,89.03,237,1016,99.8,1018,7,36.84,19,34395,99.45,34584,1864,99.31,1877,2194,99.32,2209,10436,99.32,10507,19292,99.54,19381,4,100,4,52,98.11,486,99.39,489,53,8,100,8,5,100,5,1,100,1,47,95.92,49,1883,99.47,1893,937,99.79,939,258,99.61,259,3219,97.22,3311,4,100,4
GCA_42076705.1,GCA_042076705.1_mapping_stats.mapping_stats.txt,/hps/nobackup/flicek/ensembl/genebuild/ftricomi//hprc/hprc2_gb67/GCA_042076705.1/GCA_042076705.1_mapping_stats.mapping_stats.txt,323,78.59,411,196,82.7,237,1017,99.9,1018,10,52.63,19,34420,99.53,34584,1866,99.41,1877,2198,99.5,2209,10455,99.51,10507,19303,99.6,19381,4,100,4,52,98.11,489,100,489,53,8,100,8,5,100,5,1,100,1,49,100,49,1879,99.26,1893,934,99.47,939,259,100,259,3232,97.61,3311,4,100,4
GCA_42076885.1,GCA_042076885.1_mapping_stats.mapping_stats.txt,/hps/nobackup/flicek/ensembl/genebuild/ftricomi//hprc/hprc2_gb67/GCA_042076885.1/GCA_042076885.1_mapping_stats.mapping_stats.txt,378,91.97,411,230,97.05,237,1016,99.8,1018,7,36.84,19,34410,99.5,34584,1868,99.52,1877,2196,99.41,2209,10445,99.41,10507,19306,99.61,19381,4,100,4,52,98.11,488,99.8,489,53,8,100,8,5,100,5,1,100,1,49,100,49,1874,99,1893,938,99.89,939,258,99.61,259,3229,97.52,3311,4,100,4
GCA_42077145.1,GCA_042077145.1_mapping_stats.mapping_stats.txt,/hps/nobackup/flicek/ensembl/genebuild/ftricomi//hprc/hprc2_gb67/GCA_042077145.1/GCA_042077145.1_mapping_stats.mapping_stats.txt,390,94.89,411,232,97.89,237,1015,99.71,1018,10,52.63,19,34433,99.56,34584,1870,99.63,1877,2189,99.09,2209,10449,99.45,10507,19293,99.55,19381,4,100,4,53,100,487,99.59,489,53,8,100,8,5,100,5,1,100,1,47,95.92,49,1873,98.94,1893,935,99.57,939,259,100,259,3232,97.61,3311,4,100,4
GCA_42076875.1,GCA_042076875.1_mapping_stats.mapping_stats.txt,/hps/nobackup/flicek/ensembl/genebuild/ftricomi//hprc/hprc2_gb67/GCA_042076875.1/GCA_042076875.1_mapping_stats.mapping_stats.txt,362,88.08,411,221,93.25,237,1017,99.9,1018,7,36.84,19,34457,99.63,34584,1869,99.57,1877,2201,99.64,2209,10457,99.52,10507,19312,99.64,19381,3,75,4,50,94.34,489,100,489,53,8,100,8,5,100,5,1,100,1,49,100,49,1875,99.05,1893,938,99.89,939,258,99.61,259,3254,98.28,3311,3,75,4
GCA_42076865.1,GCA_042076865.1_mapping_stats.mapping_stats.txt,/hps/nobackup/flicek/ensembl/genebuild/ftricomi//hprc/hprc2_gb67/GCA_042076865.1/GCA_042076865.1_mapping_stats.mapping_stats.txt,380,92.46,411,231,97.47,237,1017,99.9,1018,7,36.84,19,34418,99.52,34584,1862,99.2,1877,2202,99.68,2209,10450,99.46,10507,19302,99.59,19381,4,100,4,53,100,488,99.8,489,53,8,100,8,5,100,5,1,100,1,49,100,49,1874,99,1893,937,99.79,939,258,99.61,259,3223,97.34,3311,4,100,4
GCA_42077185.1,GCA_042077185.1_mapping_stats.mapping_stats.txt,/hps/nobackup/flicek/ensembl/genebuild/ftricomi//hprc/hprc2_gb67/GCA_042077185.1/GCA_042077185.1_mapping_stats.mapping_stats.txt,359,87.35,411,219,92.41,237,1018,100,1018,7,36.84,19,34412,99.5,34584,1867,99.47,1877,2196,99.41,2209,10453,99.49,10507,19300,99.58,19381,3,75,4,52,98.11,489,100,489,53,8,100,8,5,100,5,1,100,1,49,100,49,1876,99.1,1893,938,99.89,939,258,99.61,259,3230,97.55,3311,3,75,4
GCA_46043145.1,GCA_046043145.1_mapping_stats.mapping_stats.txt,/hps/nobackup/flicek/ensembl/genebuild/jackt/hprc/hprc2_gb23_production/GCA_046043145.1/GCA_046043145.1_mapping_stats.mapping_stats.txt,393,95.62,411,227,95.78,237,1010,99.21,1018,7,36.84,19,34346,99.31,34584,1858,98.99,1877,2198,99.5,2209,10436,99.32,10507,19268,99.42,19381,4,100,4,51,96.23,485,99.18,489,53,8,100,8,5,100,5,1,100,1,49,100,49,1865,98.52,1893,937,99.79,939,258,99.61,259,3204,96.77,3311,4,100,4
GCA_45524175.1,GCA_045524175.1_mapping_stats.mapping_stats.txt,/hps/nobackup/flicek/ensembl/genebuild/jackt/hprc/hprc2_gb23_production/GCA_045524175.1/GCA_045524175.1_mapping_stats.mapping_stats.txt,346,84.18,411,207,87.34,237,1015,99.71,1018,7,36.84,19,34438,99.58,34584,1860,99.09,1877,2194,99.32,2209,10451,99.47,10507,19317,99.67,19381,3,75,4,53,100,488,99.8,489,53,8,100,8,5,100,5,1,100,1,49,100,49,1876,99.1,1893,937,99.79,939,259,100,259,3239,97.83,3311,4,100,4
GCA_45524615.1,GCA_045524615.1_mapping_stats.mapping_stats.txt,/hps/nobackup/flicek/ensembl/genebuild/jackt/hprc/hprc2_gb23_production/GCA_045524615.1/GCA_045524615.1_mapping_stats.mapping_stats.txt,364,88.56,411,221,93.25,237,1016,99.8,1018,7,36.84,19,34433,99.56,34584,1860,99.09,1877,2191,99.19,2209,10445,99.41,10507,19299,99.58,19381,4,100,4,52,98.11,488,99.8,489,53,8,100,8,5,100,5,1,100,1,48,97.96,49,1879,99.26,1893,936,99.68,939,259,100,259,3226,97.43,3311,4,100,4
GCA_45524165.1,GCA_045524165.1_mapping_stats.mapping_stats.txt,/hps/nobackup/flicek/ensembl/genebuild/jackt/hprc/hprc2_gb23_production/GCA_045524165.1/GCA_045524165.1_mapping_stats.mapping_stats.txt,329,80.05,411,184,77.64,237,1016,99.8,1018,7,36.84,19,34394,99.45,34584,1868,99.52,1877,2193,99.28,2209,10416,99.13,10507,19295,99.56,19381,3,75,4,52,98.11,489,100,489,53,8,100,8,5,100,5,1,100,1,48,97.96,49,1873,98.94,1893,936,99.68,939,258,99.61,259,3220,97.25,3311,4,100,4
GCA_45524515.1,GCA_045524515.1_mapping_stats.mapping_stats.txt,/hps/nobackup/flicek/ensembl/genebuild/jackt/hprc/hprc2_gb23_production/GCA_045524515.1/GCA_045524515.1_mapping_stats.mapping_stats.txt,359,87.35,411,225,94.94,237,1016,99.8,1018,7,36.84,19,34426,99.54,34584,1859,99.04,1877,2199,99.55,2209,10453,99.49,10507,19309,99.63,19381,4,100,4,52,98.11,488,99.8,489,53,8,100,8,5,100,5,1,100,1,49,100,49,1877,99.15,1893,936,99.68,939,259,100,259,3234,97.67,3311,4,100,4
GCA_45524135.1,GCA_045524135.1_mapping_stats.mapping_stats.txt,/hps/nobackup/flicek/ensembl/genebuild/jackt/hprc/hprc2_gb23_production/GCA_045524135.1/GCA_045524135.1_mapping_stats.mapping_stats.txt,341,82.97,411,206,86.92,237,1014,99.61,1018,7,36.84,19,34412,99.5,34584,1862,99.2,1877,2195,99.37,2209,10452,99.48,10507,19318,99.67,19381,4,100,4,53,100,489,100,489,53,8,100,8,5,100,5,1,100,1,48,97.96,49,1877,99.15,1893,937,99.79,939,259,100,259,3238,97.8,3311,4,100,4
GCA_18504365.2,GCA_018504365.2_mapping_stats.mapping_stats.txt,/hps/nobackup/flicek/ensembl/genebuild/jackt/hprc/hprc2_gb23_production/GCA_018504365.2/GCA_018504365.2_mapping_stats.mapping_stats.txt,396,96.35,411,224,94.51,237,1015,99.71,1018,7,36.84,19,34416,99.51,34584,1865,99.36,1877,2190,99.14,2209,10450,99.46,10507,19285,99.5,19381,3,75,4,52,98.11,489,100,489,53,8,100,8,5,100,5,1,100,1,48,97.96,49,1879,99.26,1893,936,99.68,939,258,99.61,259,3211,96.98,3311,4,100,4
GCA_18506125.2,GCA_018506125.2_mapping_stats.mapping_stats.txt,/hps/nobackup/flicek/ensembl/genebuild/jackt/hprc/hprc2_gb23_production/GCA_018506125.2/GCA_018506125.2_mapping_stats.mapping_stats.txt,385,93.67,411,233,98.31,237,1013,99.51,1018,7,36.84,19,34426,99.54,34584,1864,99.31,1877,2194,99.32,2209,10449,99.45,10507,19310,99.63,19381,3,75,4,52,98.11,489,100,489,53,8,100,8,5,100,5,1,100,1,48,97.96,49,1882,99.42,1893,935,99.57,939,258,99.61,259,3210,96.95,3311,4,100,4
GCA_18504085.2,GCA_018504085.2_mapping_stats.mapping_stats.txt,/hps/nobackup/flicek/ensembl/genebuild/jackt/hprc/hprc2_gb23_production/GCA_018504085.2/GCA_018504085.2_mapping_stats.mapping_stats.txt,383,93.19,411,231,97.47,237,1018,100,1018,7,36.84,19,34440,99.58,34584,1868,99.52,1877,2198,99.5,2209,10456,99.51,10507,19310,99.63,19381,4,100,4,53,100,488,99.8,489,53,8,100,8,5,100,5,1,100,1,49,100,49,1879,99.26,1893,936,99.68,939,259,100,259,3242,97.92,3311,4,100,4
GCA_18505825.2,GCA_018505825.2_mapping_stats.mapping_stats.txt,/hps/nobackup/flicek/ensembl/genebuild/jackt/hprc/hprc2_gb23_production/GCA_018505825.2/GCA_018505825.2_mapping_stats.mapping_stats.txt,386,93.92,411,227,95.78,237,1016,99.8,1018,7,36.84,19,34421,99.53,34584,1866,99.41,1877,2194,99.32,2209,10446,99.42,10507,19313,99.65,19381,4,100,4,51,96.23,488,99.8,489,53,8,100,8,5,100,5,1,100,1,49,100,49,1876,99.1,1893,937,99.79,939,259,100,259,3248,98.1,3311,4,100,4
GCA_18504065.2,GCA_018504065.2_mapping_stats.mapping_stats.txt,/hps/nobackup/flicek/ensembl/genebuild/jackt/hprc/hprc2_gb23_production/GCA_018504065.2/GCA_018504065.2_mapping_stats.mapping_stats.txt,378,91.97,411,221,93.25,237,1016,99.8,1018,7,36.84,19,34398,99.46,34584,1866,99.41,1877,2196,99.41,2209,10440,99.36,10507,19287,99.51,19381,4,100,4,51,96.23,487,99.59,489,53,8,100,8,5,100,5,1,100,1,49,100,49,1877,99.15,1893,939,100,939,259,100,259,3232,97.61,3311,4,100,4
GCA_18503585.2,GCA_018503585.2_mapping_stats.mapping_stats.txt,/hps/nobackup/flicek/ensembl/genebuild/jackt/hprc/hprc2_gb23_production/GCA_018503585.2/GCA_018503585.2_mapping_stats.mapping_stats.txt,393,95.62,411,233,98.31,237,1015,99.71,1018,7,36.84,19,34433,99.56,34584,1865,99.36,1877,2191,99.19,2209,10447,99.43,10507,19303,99.6,19381,4,100,4,53,100,487,99.59,489,53,8,100,8,5,100,5,1,100,1,48,97.96,49,1876,99.1,1893,934,99.47,939,259,100,259,3232,97.61,3311,4,100,4
GCA_18506165.2,GCA_018506165.2_mapping_stats.mapping_stats.txt,/hps/nobackup/flicek/ensembl/genebuild/jackt/hprc/hprc2_gb23_production/GCA_018506165.2/GCA_018506165.2_mapping_stats.mapping_stats.txt,375,91.24,411,231,97.47,237,1013,99.51,1018,7,36.84,19,34405,99.48,34584,1865,99.36,1877,2193,99.28,2209,10442,99.38,10507,19310,99.63,19381,4,100,4,51,96.23,488,99.8,489,53,8,100,8,5,100,5,1,100,1,48,97.96,49,1881,99.37,1893,936,99.68,939,258,99.61,259,3225,97.4,3311,4,100,4
GCA_18503525.2,GCA_018503525.2_mapping_stats.mapping_stats.txt,/hps/nobackup/flicek/ensembl/genebuild/jackt/hprc/hprc2_gb23_production/GCA_018503525.2/GCA_018503525.2_mapping_stats.mapping_stats.txt,335,81.51,411,217,91.56,237,1013,99.51,1018,7,36.84,19,34430,99.55,34584,1861,99.15,1877,2188,99.05,2209,10438,99.34,10507,19300,99.58,19381,4,100,4,51,96.23,486,99.39,489,53,8,100,8,5,100,5,1,100,1,47,95.92,49,1878,99.21,1893,937,99.79,939,258,99.61,259,3220,97.25,3311,4,100,4
GCA_18503255.2,GCA_018503255.2_mapping_stats.mapping_stats.txt,/hps/nobackup/flicek/ensembl/genebuild/jackt/hprc/hprc2_gb23_production/GCA_018503255.2/GCA_018503255.2_mapping_stats.mapping_stats.txt,337,82,411,220,92.83,237,1016,99.8,1018,7,36.84,19,34443,99.59,34584,1864,99.31,1877,2194,99.32,2209,10446,99.42,10507,19307,99.62,19381,4,100,4,51,96.23,487,99.59,489,53,8,100,8,5,100,5,1,100,1,49,100,49,1876,99.1,1893,938,99.89,939,258,99.61,259,3231,97.58,3311,4,100,4
GCA_18504635.2,GCA_018504635.2_mapping_stats.mapping_stats.txt,/hps/nobackup/flicek/ensembl/genebuild/jackt/hprc/hprc2_gb23_production/GCA_018504635.2/GCA_018504635.2_mapping_stats.mapping_stats.txt,365,88.81,411,225,94.94,237,1017,99.9,1018,7,36.84,19,34433,99.56,34584,1865,99.36,1877,2198,99.5,2209,10445,99.41,10507,19309,99.63,19381,4,100,4,50,94.34,488,99.8,489,53,8,100,8,5,100,5,1,100,1,49,100,49,1875,99.05,1893,939,100,939,258,99.61,259,3218,97.19,3311,4,100,4
GCA_18504655.2,GCA_018504655.2_mapping_stats.mapping_stats.txt,/hps/nobackup/flicek/ensembl/genebuild/jackt/hprc/hprc2_gb23_production/GCA_018504655.2/GCA_018504655.2_mapping_stats.mapping_stats.txt,384,93.43,411,228,96.2,237,1016,99.8,1018,7,36.84,19,34443,99.59,34584,1865,99.36,1877,2201,99.64,2209,10438,99.34,10507,19315,99.66,19381,4,100,4,51,96.23,489,100,489,53,8,100,8,5,100,5,1,100,1,49,100,49,1871,98.84,1893,937,99.79,939,259,100,259,3237,97.77,3311,4,100,4
GCA_18506975.2,GCA_018506975.2_mapping_stats.mapping_stats.txt,/hps/nobackup/flicek/ensembl/genebuild/jackt/hprc/hprc2_gb23_production/GCA_018506975.2/GCA_018506975.2_mapping_stats.mapping_stats.txt,360,87.59,411,223,94.09,237,1016,99.8,1018,7,36.84,19,34423,99.53,34584,1866,99.41,1877,2192,99.23,2209,10439,99.35,10507,19313,99.65,19381,4,100,4,51,96.23,488,99.8,489,53,8,100,8,5,100,5,1,100,1,48,97.96,49,1877,99.15,1893,938,99.89,939,259,100,259,3233,97.64,3311,4,100,4
GCA_18504375.2,GCA_018504375.2_mapping_stats.mapping_stats.txt,/hps/nobackup/flicek/ensembl/genebuild/jackt/hprc/hprc2_gb23_production/GCA_018504375.2/GCA_018504375.2_mapping_stats.mapping_stats.txt,363,88.32,411,215,90.72,237,1017,99.9,1018,7,36.84,19,34411,99.5,34584,1864,99.31,1877,2192,99.23,2209,10430,99.27,10507,19296,99.56,19381,4,100,4,52,98.11,489,100,489,53,8,100,8,5,100,5,1,100,1,49,100,49,1878,99.21,1893,937,99.79,939,258,99.61,259,3215,97.1,3311,4,100,4
GCA_18503275.2,GCA_018503275.2_mapping_stats.mapping_stats.txt,/hps/nobackup/flicek/ensembl/genebuild/jackt/hprc/hprc2_gb23_production/GCA_018503275.2/GCA_018503275.2_mapping_stats.mapping_stats.txt,363,88.32,411,225,94.94,237,1015,99.71,1018,7,36.84,19,34438,99.58,34584,1861,99.15,1877,2195,99.37,2209,10447,99.43,10507,19305,99.61,19381,4,100,4,50,94.34,488,99.8,489,53,8,100,8,5,100,5,1,100,1,48,97.96,49,1873,98.94,1893,937,99.79,939,258,99.61,259,3240,97.86,3311,4,100,4
GCA_18506965.2,GCA_018506965.2_mapping_stats.mapping_stats.txt,/hps/nobackup/flicek/ensembl/genebuild/jackt/hprc/hprc2_gb23_production/GCA_018506965.2/GCA_018506965.2_mapping_stats.mapping_stats.txt,357,86.86,411,208,87.76,237,1016,99.8,1018,7,36.84,19,34416,99.51,34584,1866,99.41,1877,2195,99.37,2209,10447,99.43,10507,19298,99.57,19381,4,100,4,51,96.23,486,99.39,489,53,8,100,8,5,100,5,1,100,1,49,100,49,1872,98.89,1893,937,99.79,939,259,100,259,3225,97.4,3311,4,100,4
GCA_44164745.1,GCA_044164745.1_mapping_stats.mapping_stats.txt,/hps/nobackup/flicek/ensembl/genebuild/jackt/hprc/hprc2_gb23_production/GCA_044164745.1/GCA_044164745.1_mapping_stats.mapping_stats.txt,391,95.13,411,231,97.47,237,1014,99.61,1018,7,36.84,19,34430,99.55,34584,1872,99.73,1877,2197,99.46,2209,10457,99.52,10507,19309,99.63,19381,3,75,4,49,92.45,489,100,489,53,8,100,8,5,100,5,1,100,1,49,100,49,1877,99.15,1893,939,100,939,257,99.23,259,3234,97.67,3311,4,100,4
GCA_44165735.1,GCA_044165735.1_mapping_stats.mapping_stats.txt,/hps/nobackup/flicek/ensembl/genebuild/jackt/hprc/hprc2_gb23_production/GCA_044165735.1/GCA_044165735.1_mapping_stats.mapping_stats.txt,327,79.56,411,161,67.93,237,1017,99.9,1018,7,36.84,19,34425,99.54,34584,1868,99.52,1877,2187,99,2209,10445,99.41,10507,19304,99.6,19381,4,100,4,51,96.23,488,99.8,489,53,8,100,8,5,100,5,1,100,1,48,97.96,49,1876,99.1,1893,939,100,939,257,99.23,259,3237,97.77,3311,4,100,4
GCA_44166835.1,GCA_044166835.1_mapping_stats.mapping_stats.txt,/hps/nobackup/flicek/ensembl/genebuild/jackt/hprc/hprc2_gb23_production/GCA_044166835.1/GCA_044166835.1_mapping_stats.mapping_stats.txt,390,94.89,411,226,95.36,237,1015,99.71,1018,8,42.11,19,34457,99.63,34584,1873,99.79,1877,2194,99.32,2209,10438,99.34,10507,19297,99.57,19381,4,100,4,52,98.11,488,99.8,489,53,8,100,8,5,100,5,1,100,1,49,100,49,1872,98.89,1893,938,99.89,939,259,100,259,3245,98.01,3311,4,100,4
GCA_44166665.1,GCA_044166665.1_mapping_stats.mapping_stats.txt,/hps/nobackup/flicek/ensembl/genebuild/jackt/hprc/hprc2_gb23_production/GCA_044166665.1/GCA_044166665.1_mapping_stats.mapping_stats.txt,401,97.57,411,232,97.89,237,1016,99.8,1018,8,42.11,19,34427,99.55,34584,1869,99.57,1877,2189,99.09,2209,10451,99.47,10507,19280,99.48,19381,4,100,4,51,96.23,488,99.8,489,53,8,100,8,5,100,5,1,100,1,48,97.96,49,1879,99.26,1893,937,99.79,939,259,100,259,3222,97.31,3311,4,100,4
GCA_44166465.1,GCA_044166465.1_mapping_stats.mapping_stats.txt,/hps/nobackup/flicek/ensembl/genebuild/jackt/hprc/hprc2_gb23_production/GCA_044166465.1/GCA_044166465.1_mapping_stats.mapping_stats.txt,376,91.48,411,228,96.2,237,1018,100,1018,7,36.84,19,34425,99.54,34584,1870,99.63,1877,2191,99.19,2209,10450,99.46,10507,19302,99.59,19381,4,100,4,52,98.11,487,99.59,489,53,8,100,8,5,100,5,1,100,1,49,100,49,1872,98.89,1893,938,99.89,939,258,99.61,259,3240,97.86,3311,4,100,4
GCA_44166845.1,GCA_044166845.1_mapping_stats.mapping_stats.txt,/hps/nobackup/flicek/ensembl/genebuild/jackt/hprc/hprc2_gb67_production/GCA_044166845.1/GCA_044166845.1_mapping_stats.mapping_stats.txt,393,95.62,411,232,97.89,237,1018,100,1018,7,36.84,19,34448,99.61,34584,1865,99.36,1877,2196,99.41,2209,10466,99.61,10507,19329,99.73,19381,4,100,4,52,98.11,489,100,489,53,8,100,8,5,100,5,1,100,1,49,100,49,1873,98.94,1893,938,99.89,939,259,100,259,3260,98.46,3311,4,100,4
GCA_44167285.1,GCA_044167285.1_mapping_stats.mapping_stats.txt,/hps/nobackup/flicek/ensembl/genebuild/jackt/hprc/hprc2_gb67_production/GCA_044167285.1/GCA_044167285.1_mapping_stats.mapping_stats.txt,398,96.84,411,222,93.67,237,1017,99.9,1018,7,36.84,19,34454,99.62,34584,1870,99.63,1877,2194,99.32,2209,10456,99.51,10507,19319,99.68,19381,4,100,4,53,100,489,100,489,53,8,100,8,5,100,5,1,100,1,48,97.96,49,1868,98.68,1893,939,100,939,258,99.61,259,3243,97.95,3311,3,75,4
GCA_44166785.1,GCA_044166785.1_mapping_stats.mapping_stats.txt,/hps/nobackup/flicek/ensembl/genebuild/jackt/hprc/hprc2_gb67_production/GCA_044166785.1/GCA_044166785.1_mapping_stats.mapping_stats.txt,386,93.92,411,228,96.2,237,1016,99.8,1018,7,36.84,19,34461,99.64,34584,1858,98.99,1877,2197,99.46,2209,10468,99.63,10507,19326,99.72,19381,4,100,4,51,96.23,489,100,489,53,8,100,8,5,100,5,1,100,1,49,100,49,1881,99.37,1893,939,100,939,259,100,259,3255,98.31,3311,4,100,4
GCA_44166625.1,GCA_044166625.1_mapping_stats.mapping_stats.txt,/hps/nobackup/flicek/ensembl/genebuild/jackt/hprc/hprc2_gb67_production/GCA_044166625.1/GCA_044166625.1_mapping_stats.mapping_stats.txt,353,85.89,411,218,91.98,237,1016,99.8,1018,7,36.84,19,34407,99.49,34584,1864,99.31,1877,2199,99.55,2209,10452,99.48,10507,19300,99.58,19381,4,100,4,53,100,489,100,489,53,8,100,8,5,100,5,1,100,1,49,100,49,1870,98.78,1893,936,99.68,939,258,99.61,259,3244,97.98,3311,4,100,4
GCA_44166645.1,GCA_044166645.1_mapping_stats.mapping_stats.txt,/hps/nobackup/flicek/ensembl/genebuild/jackt/hprc/hprc2_gb67_production/GCA_044166645.1/GCA_044166645.1_mapping_stats.mapping_stats.txt,372,90.51,411,212,89.45,237,1017,99.9,1018,7,36.84,19,34424,99.54,34584,1865,99.36,1877,2196,99.41,2209,10450,99.46,10507,19304,99.6,19381,4,100,4,52,98.11,489,100,489,53,8,100,8,5,100,5,1,100,1,49,100,49,1870,98.78,1893,939,100,939,258,99.61,259,3231,97.58,3311,4,100,4
GCA_44165595.1,GCA_044165595.1_mapping_stats.mapping_stats.txt,/hps/nobackup/flicek/ensembl/genebuild/jackt/hprc/hprc2_gb67_production/GCA_044165595.1/GCA_044165595.1_mapping_stats.mapping_stats.txt,385,93.67,411,221,93.25,237,1018,100,1018,7,36.84,19,34428,99.55,34584,1870,99.63,1877,2195,99.37,2209,10471,99.66,10507,19317,99.67,19381,4,100,4,52,98.11,488,99.8,489,53,8,100,8,5,100,5,1,100,1,47,95.92,49,1873,98.94,1893,932,99.25,939,258,99.61,259,3249,98.13,3311,4,100,4
GCA_44165725.1,GCA_044165725.1_mapping_stats.mapping_stats.txt,/hps/nobackup/flicek/ensembl/genebuild/jackt/hprc/hprc2_gb67_production/GCA_044165725.1/GCA_044165725.1_mapping_stats.mapping_stats.txt,381,92.7,411,216,91.14,237,1017,99.9,1018,7,36.84,19,34460,99.64,34584,1873,99.79,1877,2203,99.73,2209,10465,99.6,10507,19323,99.7,19381,4,100,4,53,100,489,100,489,53,8,100,8,5,100,5,1,100,1,49,100,49,1884,99.52,1893,936,99.68,939,259,100,259,3253,98.25,3311,4,100,4
GCA_44164665.1,GCA_044164665.1_mapping_stats.mapping_stats.txt,/hps/nobackup/flicek/ensembl/genebuild/jackt/hprc/hprc2_gb67_production/GCA_044164665.1/GCA_044164665.1_mapping_stats.mapping_stats.txt,391,95.13,411,222,93.67,237,1016,99.8,1018,7,36.84,19,34447,99.6,34584,1869,99.57,1877,2198,99.5,2209,10470,99.65,10507,19323,99.7,19381,4,100,4,51,96.23,489,100,489,53,8,100,8,5,100,5,1,100,1,49,100,49,1875,99.05,1893,938,99.89,939,258,99.61,259,3257,98.37,3311,4,100,4
GCA_44165205.1,GCA_044165205.1_mapping_stats.mapping_stats.txt,/hps/nobackup/flicek/ensembl/genebuild/jackt/hprc/hprc2_gb67_production/GCA_044165205.1/GCA_044165205.1_mapping_stats.mapping_stats.txt,369,89.78,411,223,94.09,237,1018,100,1018,7,36.84,19,34454,99.62,34584,1869,99.57,1877,2198,99.5,2209,10453,99.49,10507,19323,99.7,19381,4,100,4,53,100,489,100,489,53,8,100,8,5,100,5,1,100,1,49,100,49,1882,99.42,1893,939,100,939,259,100,259,3237,97.77,3311,4,100,4
GCA_44165335.1,GCA_044165335.1_mapping_stats.mapping_stats.txt,/hps/nobackup/flicek/ensembl/genebuild/jackt/hprc/hprc2_gb67_production/GCA_044165335.1/GCA_044165335.1_mapping_stats.mapping_stats.txt,352,85.64,411,220,92.83,237,1015,99.71,1018,7,36.84,19,34438,99.58,34584,1865,99.36,1877,2198,99.5,2209,10453,99.49,10507,19330,99.74,19381,4,100,4,52,98.11,489,100,489,53,8,100,8,5,100,5,1,100,1,48,97.96,49,1876,99.1,1893,935,99.57,939,259,100,259,3250,98.16,3311,4,100,4
GCA_44165395.1,GCA_044165395.1_mapping_stats.mapping_stats.txt,/hps/nobackup/flicek/ensembl/genebuild/jackt/hprc/hprc2_gb67_production/GCA_044165395.1/GCA_044165395.1_mapping_stats.mapping_stats.txt,398,96.84,411,228,96.2,237,1015,99.71,1018,7,36.84,19,34456,99.63,34584,1863,99.25,1877,2196,99.41,2209,10455,99.51,10507,19323,99.7,19381,4,100,4,53,100,488,99.8,489,53,8,100,8,5,100,5,1,100,1,48,97.96,49,1875,99.05,1893,937,99.79,939,257,99.23,259,3249,98.13,3311,4,100,4
GCA_44166065.1,GCA_044166065.1_mapping_stats.mapping_stats.txt,/hps/nobackup/flicek/ensembl/genebuild/jackt/hprc/hprc2_gb67_production/GCA_044166065.1/GCA_044166065.1_mapping_stats.mapping_stats.txt,349,84.91,411,219,92.41,237,1017,99.9,1018,7,36.84,19,34423,99.53,34584,1869,99.57,1877,2198,99.5,2209,10458,99.53,10507,19297,99.57,19381,4,100,4,52,98.11,489,100,489,53,8,100,8,5,100,5,1,100,1,49,100,49,1872,98.89,1893,937,99.79,939,258,99.61,259,3238,97.8,3311,4,100,4
GCA_44166135.1,GCA_044166135.1_mapping_stats.mapping_stats.txt,/hps/nobackup/flicek/ensembl/genebuild/jackt/hprc/hprc2_gb67_production/GCA_044166135.1/GCA_044166135.1_mapping_stats.mapping_stats.txt,398,96.84,411,233,98.31,237,1015,99.71,1018,7,36.84,19,34462,99.65,34584,1874,99.84,1877,2199,99.55,2209,10461,99.56,10507,19329,99.73,19381,4,100,4,51,96.23,489,100,489,53,8,100,8,5,100,5,1,100,1,48,97.96,49,1876,99.1,1893,939,100,939,258,99.61,259,3262,98.52,3311,4,100,4
GCA_44166615.1,GCA_044166615.1_mapping_stats.mapping_stats.txt,/hps/nobackup/flicek/ensembl/genebuild/jackt/hprc/hprc2_gb67_production/GCA_044166615.1/GCA_044166615.1_mapping_stats.mapping_stats.txt,387,94.16,411,229,96.62,237,1017,99.9,1018,7,36.84,19,34420,99.53,34584,1868,99.52,1877,2194,99.32,2209,10451,99.47,10507,19314,99.65,19381,4,100,4,51,96.23,489,100,489,53,8,100,8,5,100,5,1,100,1,46,93.88,49,1874,99,1893,931,99.15,939,259,100,259,3245,98.01,3311,4,100,4
GCA_44165565.1,GCA_044165565.1_mapping_stats.mapping_stats.txt,/hps/nobackup/flicek/ensembl/genebuild/jackt/hprc/hprc2_gb67_production/GCA_044165565.1/GCA_044165565.1_mapping_stats.mapping_stats.txt,324,78.83,411,187,78.9,237,1016,99.8,1018,7,36.84,19,34459,99.64,34584,1864,99.31,1877,2195,99.37,2209,10457,99.52,10507,19329,99.73,19381,4,100,4,53,100,489,100,489,53,8,100,8,5,100,5,1,100,1,48,97.96,49,1877,99.15,1893,939,100,939,258,99.61,259,3255,98.31,3311,4,100,4
GCA_44166635.1,GCA_044166635.1_mapping_stats.mapping_stats.txt,/hps/nobackup/flicek/ensembl/genebuild/jackt/hprc/hprc2_gb67_production/GCA_044166635.1/GCA_044166635.1_mapping_stats.mapping_stats.txt,385,93.67,411,232,97.89,237,1017,99.9,1018,7,36.84,19,34451,99.62,34584,1869,99.57,1877,2198,99.5,2209,10453,99.49,10507,19327,99.72,19381,4,100,4,52,98.11,489,100,489,53,8,100,8,5,100,5,1,100,1,49,100,49,1879,99.26,1893,938,99.89,939,259,100,259,3259,98.43,3311,4,100,4
GCA_44165025.1,GCA_044165025.1_mapping_stats.mapping_stats.txt,/hps/nobackup/flicek/ensembl/genebuild/jackt/hprc/hprc2_gb67_production/GCA_044165025.1/GCA_044165025.1_mapping_stats.mapping_stats.txt,370,90.02,411,225,94.94,237,1018,100,1018,7,36.84,19,34440,99.58,34584,1864,99.31,1877,2194,99.32,2209,10456,99.51,10507,19298,99.57,19381,4,100,4,52,98.11,489,100,489,53,8,100,8,5,100,5,1,100,1,47,95.92,49,1873,98.94,1893,937,99.79,939,259,100,259,3219,97.22,3311,4,100,4
GCA_18472765.3,GCA_018472765.3_mapping_stats.mapping_stats.txt,/hps/nobackup/flicek/ensembl/genebuild/jackt/hprc/hprc2_gb67_production/GCA_018472765.3/GCA_018472765.3_mapping_stats.mapping_stats.txt,397,96.59,411,228,96.2,237,1016,99.8,1018,8,42.11,19,34464,99.65,34584,1869,99.57,1877,2198,99.5,2209,10461,99.56,10507,19320,99.69,19381,4,100,4,52,98.11,488,99.8,489,53,8,100,8,5,100,5,1,100,1,49,100,49,1879,99.26,1893,937,99.79,939,258,99.61,259,3242,97.92,3311,4,100,4
GCA_43304655.1,GCA_043304655.1_mapping_stats.mapping_stats.txt,/hps/nobackup/flicek/ensembl/genebuild/jackt/hprc/hprc2_gb67_production/GCA_043304655.1/GCA_043304655.1_mapping_stats.mapping_stats.txt,381,92.7,411,232,97.89,237,1018,100,1018,7,36.84,19,34466,99.66,34584,1869,99.57,1877,2199,99.55,2209,10468,99.63,10507,19304,99.6,19381,4,100,4,52,98.11,489,100,489,53,8,100,8,5,100,5,1,100,1,49,100,49,1875,99.05,1893,934,99.47,939,259,100,259,3257,98.37,3311,4,100,4
GCA_18469955.2,GCA_018469955.2_mapping_stats.mapping_stats.txt,/hps/nobackup/flicek/ensembl/genebuild/jackt/hprc/hprc2_gb67_production/GCA_018469955.2/GCA_018469955.2_mapping_stats.mapping_stats.txt,375,91.24,411,223,94.09,237,1015,99.71,1018,7,36.84,19,34443,99.59,34584,1868,99.52,1877,2198,99.5,2209,10455,99.51,10507,19318,99.67,19381,4,100,4,50,94.34,488,99.8,489,53,8,100,8,5,100,5,1,100,1,48,97.96,49,1872,98.89,1893,938,99.89,939,258,99.61,259,3241,97.89,3311,4,100,4
GCA_43304535.1,GCA_043304535.1_mapping_stats.mapping_stats.txt,/hps/nobackup/flicek/ensembl/genebuild/jackt/hprc/hprc2_gb67_production/GCA_043304535.1/GCA_043304535.1_mapping_stats.mapping_stats.txt,399,97.08,411,227,95.78,237,1014,99.61,1018,7,36.84,19,34449,99.61,34584,1869,99.57,1877,2201,99.64,2209,10463,99.58,10507,19317,99.67,19381,4,100,4,53,100,489,100,489,53,8,100,8,5,100,5,1,100,1,49,100,49,1877,99.15,1893,938,99.89,939,258,99.61,259,3260,98.46,3311,4,100,4
GCA_43304965.1,GCA_043304965.1_mapping_stats.mapping_stats.txt,/hps/nobackup/flicek/ensembl/genebuild/jackt/hprc/hprc2_gb67_production/GCA_043304965.1/GCA_043304965.1_mapping_stats.mapping_stats.txt,371,90.27,411,221,93.25,237,1016,99.8,1018,7,36.84,19,34456,99.63,34584,1869,99.57,1877,2201,99.64,2209,10465,99.6,10507,19307,99.62,19381,4,100,4,53,100,488,99.8,489,53,8,100,8,5,100,5,1,100,1,49,100,49,1880,99.31,1893,936,99.68,939,259,100,259,3243,97.95,3311,4,100,4
GCA_18472825.2,GCA_018472825.2_mapping_stats.mapping_stats.txt,/hps/nobackup/flicek/ensembl/genebuild/jackt/hprc/hprc2_gb67_production/GCA_018472825.2/GCA_018472825.2_mapping_stats.mapping_stats.txt,366,89.05,411,217,91.56,237,1017,99.9,1018,7,36.84,19,34448,99.61,34584,1860,99.09,1877,2200,99.59,2209,10449,99.45,10507,19327,99.72,19381,4,100,4,50,94.34,488,99.8,489,53,8,100,8,5,100,5,1,100,1,49,100,49,1873,98.94,1893,936,99.68,939,257,99.23,259,3256,98.34,3311,4,100,4
GCA_43304515.1,GCA_043304515.1_mapping_stats.mapping_stats.txt,/hps/nobackup/flicek/ensembl/genebuild/jackt/hprc/hprc2_gb67_production/GCA_043304515.1/GCA_043304515.1_mapping_stats.mapping_stats.txt,369,89.78,411,222,93.67,237,1018,100,1018,7,36.84,19,34435,99.57,34584,1863,99.25,1877,2199,99.55,2209,10462,99.57,10507,19316,99.66,19381,4,100,4,52,98.11,489,100,489,53,8,100,8,5,100,5,1,100,1,49,100,49,1871,98.84,1893,939,100,939,258,99.61,259,3225,97.4,3311,4,100,4
GCA_46332455.1,GCA_046332455.1_mapping_stats.mapping_stats.txt,/hps/nobackup/flicek/ensembl/genebuild/jackt/hprc/hprc2_gb67_production/GCA_046332455.1/GCA_046332455.1_mapping_stats.mapping_stats.txt,302,73.48,411,169,71.31,237,999,99.6,1003,7,36.84,19,33731,99.4,33935,1741,98.86,1761,2108,99.57,2117,9869,99.35,9934,18529,99.66,18592,4,100,4,50,98.04,477,100,477,51,8,100,8,4,80,5,1,100,1,48,100,48,1805,98.85,1826,895,99.89,896,250,100,250,3321,97.25,3415,4,100,4
GCA_46332485.1,GCA_046332485.1_mapping_stats.mapping_stats.txt,/hps/nobackup/flicek/ensembl/genebuild/jackt/hprc/hprc2_gb67_production/GCA_046332485.1/GCA_046332485.1_mapping_stats.mapping_stats.txt,366,89.05,411,228,96.2,237,1002,99.9,1003,7,36.84,19,33800,99.6,33935,1748,99.26,1761,2109,99.62,2117,9887,99.53,9934,18524,99.63,18592,4,100,4,51,100,476,99.79,477,51,8,100,8,5,100,5,1,100,1,48,100,48,1808,99.01,1826,896,100,896,250,100,250,3363,98.48,3415,4,100,4
GCA_46332435.1,GCA_046332435.1_mapping_stats.mapping_stats.txt,/hps/nobackup/flicek/ensembl/genebuild/jackt/hprc/hprc2_gb67_production/GCA_046332435.1/GCA_046332435.1_mapping_stats.mapping_stats.txt,359,87.35,411,208,87.76,237,999,99.6,1003,7,36.84,19,33816,99.65,33935,1753,99.55,1761,2103,99.34,2117,9885,99.51,9934,18540,99.72,18592,4,100,4,50,98.04,477,100,477,51,8,100,8,5,100,5,1,100,1,47,97.92,48,1808,99.01,1826,895,99.89,896,250,100,250,3360,98.39,3415,4,100,4
GCA_46332375.1,GCA_046332375.1_mapping_stats.mapping_stats.txt,/hps/nobackup/flicek/ensembl/genebuild/jackt/hprc/hprc2_gb67_production/GCA_046332375.1/GCA_046332375.1_mapping_stats.mapping_stats.txt,330,80.29,411,200,84.39,237,1001,99.8,1003,7,36.84,19,33764,99.5,33935,1749,99.32,1761,2111,99.72,2117,9871,99.37,9934,18530,99.67,18592,3,75,4,50,98.04,476,99.79,477,51,8,100,8,5,100,5,1,100,1,48,100,48,1814,99.34,1826,893,99.67,896,250,100,250,3331,97.54,3415,4,100,4
GCA_46332325.1,GCA_046332325.1_mapping_stats.mapping_stats.txt,/hps/nobackup/flicek/ensembl/genebuild/jackt/hprc/hprc2_gb67_production/GCA_046332325.1/GCA_046332325.1_mapping_stats.mapping_stats.txt,380,92.46,411,228,96.2,237,1002,99.9,1003,7,36.84,19,33772,99.52,33935,1752,99.49,1761,2103,99.34,2117,9885,99.51,9934,18526,99.65,18592,4,100,4,51,100,476,99.79,477,51,8,100,8,5,100,5,1,100,1,46,95.83,48,1805,98.85,1826,890,99.33,896,250,100,250,3352,98.16,3415,4,100,4
GCA_46332285.1,GCA_046332285.1_mapping_stats.mapping_stats.txt,/hps/nobackup/flicek/ensembl/genebuild/jackt/hprc/hprc2_gb67_production/GCA_046332285.1/GCA_046332285.1_mapping_stats.mapping_stats.txt,351,85.4,411,228,96.2,237,998,99.5,1003,7,36.84,19,33753,99.46,33935,1755,99.66,1761,2106,99.48,2117,9849,99.14,9934,18517,99.6,18592,4,100,4,49,96.08,458,96.02,477,51,8,100,8,5,100,5,1,100,1,48,100,48,1809,99.07,1826,893,99.67,896,250,100,250,3324,97.34,3415,4,100,4
GCA_46332185.1,GCA_046332185.1_mapping_stats.mapping_stats.txt,/hps/nobackup/flicek/ensembl/genebuild/jackt/hprc/hprc2_gb45_production/GCA_046332185.1/GCA_046332185.1_mapping_stats.mapping_stats.txt,392,95.38,411,232,97.89,237,999,99.6,1003,7,36.84,19,33754,99.47,33935,1747,99.2,1761,2101,99.24,2117,9875,99.41,9934,18499,99.5,18592,4,100,4,48,94.12,476,99.79,477,51,8,100,8,5,100,5,1,100,1,47,97.92,48,1805,98.85,1826,890,99.33,896,249,99.6,250,3327,97.42,3415,4,100,4
GCA_46332195.1,GCA_046332195.1_mapping_stats.mapping_stats.txt,/hps/nobackup/flicek/ensembl/genebuild/jackt/hprc/hprc2_gb45_production/GCA_046332195.1/GCA_046332195.1_mapping_stats.mapping_stats.txt,374,91,411,220,92.83,237,1001,99.8,1003,7,36.84,19,33784,99.56,33935,1744,99.03,1761,2104,99.39,2117,9882,99.48,9934,18530,99.67,18592,4,100,4,50,98.04,475,99.58,477,51,8,100,8,5,100,5,1,100,1,48,100,48,1807,98.96,1826,894,99.78,896,249,99.6,250,3330,97.51,3415,4,100,4
GCA_46332135.1,GCA_046332135.1_mapping_stats.mapping_stats.txt,/hps/nobackup/flicek/ensembl/genebuild/jackt/hprc/hprc2_gb45_production/GCA_046332135.1/GCA_046332135.1_mapping_stats.mapping_stats.txt,360,87.59,411,223,94.09,237,1000,99.7,1003,8,42.11,19,33764,99.5,33935,1751,99.43,1761,2101,99.24,2117,9877,99.43,9934,18509,99.55,18592,4,100,4,49,96.08,476,99.79,477,51,8,100,8,5,100,5,1,100,1,48,100,48,1809,99.07,1826,892,99.55,896,250,100,250,3344,97.92,3415,4,100,4
GCA_46332025.1,GCA_046332025.1_mapping_stats.mapping_stats.txt,/hps/nobackup/flicek/ensembl/genebuild/jackt/hprc/hprc2_gb45_production/GCA_046332025.1/GCA_046332025.1_mapping_stats.mapping_stats.txt,367,89.29,411,227,95.78,237,1002,99.9,1003,7,36.84,19,33784,99.56,33935,1745,99.09,1761,2102,99.29,2117,9882,99.48,9934,18528,99.66,18592,4,100,4,49,96.08,474,99.37,477,51,8,100,8,5,100,5,1,100,1,48,100,48,1810,99.12,1826,894,99.78,896,250,100,250,3335,97.66,3415,4,100,4
GCA_46332495.1,GCA_046332495.1_mapping_stats.mapping_stats.txt,/hps/nobackup/flicek/ensembl/genebuild/jackt/hprc/hprc2_gb45_production/GCA_046332495.1/GCA_046332495.1_mapping_stats.mapping_stats.txt,314,76.4,411,175,73.84,237,1014,99.61,1018,7,36.84,19,34309,99.2,34584,1855,98.83,1877,2194,99.32,2209,10397,98.95,10507,19280,99.48,19381,4,100,4,51,96.23,488,99.8,489,53,8,100,8,4,80,5,1,100,1,49,100,49,1872,98.89,1893,938,99.89,939,259,100,259,3187,96.25,3311,4,100,4
GCA_46332475.1,GCA_046332475.1_mapping_stats.mapping_stats.txt,/hps/nobackup/flicek/ensembl/genebuild/jackt/hprc/hprc2_gb45_production/GCA_046332475.1/GCA_046332475.1_mapping_stats.mapping_stats.txt,362,88.08,411,223,94.09,237,1016,99.8,1018,7,36.84,19,34448,99.61,34584,1865,99.36,1877,2195,99.37,2209,10458,99.53,10507,19315,99.66,19381,4,100,4,53,100,488,99.8,489,53,8,100,8,5,100,5,1,100,1,49,100,49,1875,99.05,1893,939,100,939,259,100,259,3226,97.43,3311,4,100,4
GCA_46332355.1,GCA_046332355.1_mapping_stats.mapping_stats.txt,/hps/nobackup/flicek/ensembl/genebuild/jackt/hprc/hprc2_gb45_production/GCA_046332355.1/GCA_046332355.1_mapping_stats.mapping_stats.txt,335,81.51,411,198,83.54,237,1015,99.71,1018,7,36.84,19,34430,99.55,34584,1871,99.68,1877,2192,99.23,2209,10447,99.43,10507,19301,99.59,19381,4,100,4,53,100,488,99.8,489,53,8,100,8,5,100,5,1,100,1,48,97.96,49,1874,99,1893,939,100,939,259,100,259,3209,96.92,3311,4,100,4
GCA_46332365.1,GCA_046332365.1_mapping_stats.mapping_stats.txt,/hps/nobackup/flicek/ensembl/genebuild/jackt/hprc/hprc2_gb45_production/GCA_046332365.1/GCA_046332365.1_mapping_stats.mapping_stats.txt,343,83.45,411,226,95.36,237,1014,99.61,1018,7,36.84,19,34424,99.54,34584,1866,99.41,1877,2193,99.28,2209,10445,99.41,10507,19295,99.56,19381,3,75,4,52,98.11,488,99.8,489,53,8,100,8,5,100,5,1,100,1,49,100,49,1878,99.21,1893,936,99.68,939,259,100,259,3220,97.25,3311,4,100,4
GCA_46332305.1,GCA_046332305.1_mapping_stats.mapping_stats.txt,/hps/nobackup/flicek/ensembl/genebuild/jackt/hprc/hprc2_gb45_production/GCA_046332305.1/GCA_046332305.1_mapping_stats.mapping_stats.txt,349,84.91,411,208,87.76,237,1015,99.71,1018,7,36.84,19,34428,99.55,34584,1865,99.36,1877,2196,99.41,2209,10448,99.44,10507,19291,99.54,19381,4,100,4,52,98.11,487,99.59,489,53,8,100,8,5,100,5,1,100,1,49,100,49,1872,98.89,1893,935,99.57,939,258,99.61,259,3238,97.8,3311,4,100,4
GCA_46332235.1,GCA_046332235.1_mapping_stats.mapping_stats.txt,/hps/nobackup/flicek/ensembl/genebuild/jackt/hprc/hprc2_gb45_production/GCA_046332235.1/GCA_046332235.1_mapping_stats.mapping_stats.txt,371,90.27,411,227,95.78,237,1016,99.8,1018,7,36.84,19,34446,99.6,34584,1863,99.25,1877,2194,99.32,2209,10457,99.52,10507,19315,99.66,19381,3,75,4,52,98.11,487,99.59,489,53,8,100,8,5,100,5,1,100,1,49,100,49,1874,99,1893,939,100,939,259,100,259,3232,97.61,3311,4,100,4
GCA_46332225.1,GCA_046332225.1_mapping_stats.mapping_stats.txt,/hps/nobackup/flicek/ensembl/genebuild/jackt/hprc/hprc2_gb45_production/GCA_046332225.1/GCA_046332225.1_mapping_stats.mapping_stats.txt,384,93.43,411,226,95.36,237,1018,100,1018,7,36.84,19,34414,99.51,34584,1867,99.47,1877,2197,99.46,2209,10443,99.39,10507,19317,99.67,19381,4,100,4,51,96.23,487,99.59,489,53,8,100,8,5,100,5,1,100,1,49,100,49,1875,99.05,1893,937,99.79,939,259,100,259,3220,97.25,3311,4,100,4
GCA_46332145.1,GCA_046332145.1_mapping_stats.mapping_stats.txt,/hps/nobackup/flicek/ensembl/genebuild/jackt/hprc/hprc2_gb45_production/GCA_046332145.1/GCA_046332145.1_mapping_stats.mapping_stats.txt,373,90.75,411,225,94.94,237,1017,99.9,1018,7,36.84,19,34413,99.51,34584,1873,99.79,1877,2194,99.32,2209,10459,99.54,10507,19297,99.57,19381,4,100,4,52,98.11,488,99.8,489,53,8,100,8,5,100,5,1,100,1,49,100,49,1872,98.89,1893,936,99.68,939,258,99.61,259,3208,96.89,3311,4,100,4
GCA_46332065.1,GCA_046332065.1_mapping_stats.mapping_stats.txt,/hps/nobackup/flicek/ensembl/genebuild/jackt/hprc/hprc2_gb45_production/GCA_046332065.1/GCA_046332065.1_mapping_stats.mapping_stats.txt,382,92.94,411,221,93.25,237,1017,99.9,1018,7,36.84,19,34440,99.58,34584,1871,99.68,1877,2196,99.41,2209,10449,99.45,10507,19301,99.59,19381,4,100,4,52,98.11,488,99.8,489,53,8,100,8,5,100,5,1,100,1,48,97.96,49,1872,98.89,1893,937,99.79,939,258,99.61,259,3223,97.34,3311,4,100,4
GCA_46332015.1,GCA_046332015.1_mapping_stats.mapping_stats.txt,/hps/nobackup/flicek/ensembl/genebuild/jackt/hprc/hprc2_gb45_production/GCA_046332015.1/GCA_046332015.1_mapping_stats.mapping_stats.txt,363,88.32,411,225,94.94,237,1014,99.61,1018,8,42.11,19,34420,99.53,34584,1870,99.63,1877,2191,99.19,2209,10425,99.22,10507,19290,99.53,19381,4,100,4,50,94.34,488,99.8,489,53,8,100,8,5,100,5,1,100,1,49,100,49,1874,99,1893,930,99.04,939,259,100,259,3219,97.22,3311,4,100,4
GCA_46332035.1,GCA_046332035.1_mapping_stats.mapping_stats.txt,/hps/nobackup/flicek/ensembl/genebuild/jackt/hprc/hprc2_gb45_production/GCA_046332035.1/GCA_046332035.1_mapping_stats.mapping_stats.txt,398,96.84,411,226,95.36,237,1017,99.9,1018,7,36.84,19,34441,99.59,34584,1866,99.41,1877,2193,99.28,2209,10449,99.45,10507,19298,99.57,19381,4,100,4,53,100,489,100,489,53,8,100,8,5,100,5,1,100,1,49,100,49,1869,98.73,1893,939,100,939,258,99.61,259,3238,97.8,3311,4,100,4
GCA_46332005.1,GCA_046332005.1_mapping_stats.mapping_stats.txt,/hps/nobackup/flicek/ensembl/genebuild/jackt/hprc/hprc2_gb45_production/GCA_046332005.1/GCA_046332005.1_mapping_stats.mapping_stats.txt,400,97.32,411,230,97.05,237,1017,99.9,1018,7,36.84,19,34432,99.56,34584,1864,99.31,1877,2192,99.23,2209,10451,99.47,10507,19298,99.57,19381,4,100,4,51,96.23,487,99.59,489,53,8,100,8,5,100,5,1,100,1,48,97.96,49,1882,99.42,1893,936,99.68,939,259,100,259,3206,96.83,3311,4,100,4
GCA_18852605.3,GCA_018852605.3_mapping_stats.mapping_stats.txt,/hps/nobackup/flicek/ensembl/genebuild/jackt/hprc/hprc2_gb45_production/GCA_018852605.3/GCA_018852605.3_mapping_stats.mapping_stats.txt,265,64.48,411,175,73.84,237,1002,99.9,1003,7,36.84,19,33768,99.51,33935,1741,98.86,1761,2098,99.1,2117,9873,99.39,9934,18537,99.7,18592,3,75,4,51,100,477,100,477,51,8,100,8,5,100,5,1,100,1,47,97.92,48,1806,98.9,1826,895,99.89,896,250,100,250,3334,97.63,3415,4,100,4
GCA_18852615.3,GCA_018852615.3_mapping_stats.mapping_stats.txt,/hps/nobackup/flicek/ensembl/genebuild/jackt/hprc/hprc2_gb45_production/GCA_018852615.3/GCA_018852615.3_mapping_stats.mapping_stats.txt,360,87.59,411,202,85.23,237,1016,99.8,1018,7,36.84,19,34438,99.58,34584,1864,99.31,1877,2194,99.32,2209,10448,99.44,10507,19316,99.66,19381,4,100,4,52,98.11,487,99.59,489,53,8,100,8,5,100,5,1,100,1,49,100,49,1876,99.1,1893,936,99.68,939,258,99.61,259,3244,97.98,3311,4,100,4
GCA_46629205.1,GCA_046629205.1_mapping_stats.mapping_stats.txt,/hps/nobackup/flicek/ensembl/genebuild/jackt/hprc/hprc2_gb45_production/GCA_046629205.1/GCA_046629205.1_mapping_stats.mapping_stats.txt,305,74.21,411,185,78.06,237,1017,99.9,1018,7,36.84,19,34330,99.27,34584,1862,99.2,1877,2192,99.23,2209,10441,99.37,10507,19241,99.28,19381,4,100,4,52,98.11,489,100,489,53,8,100,8,5,100,5,1,100,1,47,95.92,49,1872,98.89,1893,938,99.89,939,259,100,259,3223,97.34,3311,4,100,4
GCA_46629215.1,GCA_046629215.1_mapping_stats.mapping_stats.txt,/hps/nobackup/flicek/ensembl/genebuild/jackt/hprc/hprc2_gb45_production/GCA_046629215.1/GCA_046629215.1_mapping_stats.mapping_stats.txt,365,88.81,411,227,95.78,237,986,98.31,1003,7,36.84,19,33571,98.93,33935,1718,97.56,1761,2098,99.1,2117,9856,99.21,9934,18295,98.4,18592,4,100,4,51,100,476,99.79,477,51,8,100,8,5,100,5,1,100,1,48,100,48,1803,98.74,1826,890,99.33,896,245,98,250,3293,96.43,3415,4,100,4
GCA_46629225.1,GCA_046629225.1_mapping_stats.mapping_stats.txt,/hps/nobackup/flicek/ensembl/genebuild/jackt/hprc/hprc2_gb45_production/GCA_046629225.1/GCA_046629225.1_mapping_stats.mapping_stats.txt,348,84.67,411,212,89.45,237,1018,100,1018,7,36.84,19,34437,99.57,34584,1869,99.57,1877,2192,99.23,2209,10449,99.45,10507,19318,99.67,19381,4,100,4,51,96.23,489,100,489,53,8,100,8,5,100,5,1,100,1,49,100,49,1872,98.89,1893,938,99.89,939,259,100,259,3231,97.58,3311,4,100,4
GCA_46629235.1,GCA_046629235.1_mapping_stats.mapping_stats.txt,/hps/nobackup/flicek/ensembl/genebuild/jackt/hprc/hprc2_gb45_production/GCA_046629235.1/GCA_046629235.1_mapping_stats.mapping_stats.txt,399,97.08,411,231,97.47,237,1002,99.9,1003,7,36.84,19,33737,99.42,33935,1747,99.2,1761,2104,99.39,2117,9858,99.23,9934,18513,99.58,18592,2,50,4,51,100,475,99.58,477,51,8,100,8,5,100,5,1,100,1,48,100,48,1800,98.58,1826,896,100,896,249,99.6,250,3339,97.77,3415,4,100,4
GCA_46629265.1,GCA_046629265.1_mapping_stats.mapping_stats.txt,/hps/nobackup/flicek/ensembl/genebuild/jackt/hprc/hprc2_gb45_production/GCA_046629265.1/GCA_046629265.1_mapping_stats.mapping_stats.txt,381,92.7,411,218,91.98,237,1016,99.8,1018,7,36.84,19,34436,99.57,34584,1865,99.36,1877,2199,99.55,2209,10461,99.56,10507,19314,99.65,19381,4,100,4,52,98.11,489,100,489,53,8,100,8,5,100,5,1,100,1,49,100,49,1879,99.26,1893,939,100,939,259,100,259,3258,98.4,3311,4,100,4
GCA_46629565.1,GCA_046629565.1_mapping_stats.mapping_stats.txt,/hps/nobackup/flicek/ensembl/genebuild/jackt/hprc/hprc2_gb45_production/GCA_046629565.1/GCA_046629565.1_mapping_stats.mapping_stats.txt,338,82.24,411,210,88.61,237,1015,99.71,1018,7,36.84,19,34363,99.36,34584,1862,99.2,1877,2195,99.37,2209,10438,99.34,10507,19281,99.48,19381,3,75,4,50,94.34,487,99.59,489,53,8,100,8,5,100,5,1,100,1,49,100,49,1877,99.15,1893,938,99.89,939,259,100,259,3208,96.89,3311,4,100,4
GCA_46629575.1,GCA_046629575.1_mapping_stats.mapping_stats.txt,/hps/nobackup/flicek/ensembl/genebuild/jackt/hprc/hprc2_gb45_production/GCA_046629575.1/GCA_046629575.1_mapping_stats.mapping_stats.txt,386,93.92,411,220,92.83,237,1009,99.12,1018,7,36.84,19,34338,99.29,34584,1851,98.61,1877,2187,99,2209,10437,99.33,10507,19237,99.26,19381,4,100,4,51,96.23,487,99.59,489,53,8,100,8,5,100,5,1,100,1,48,97.96,49,1866,98.57,1893,937,99.79,939,258,99.61,259,3223,97.34,3311,4,100,4
GCA_46629585.1,GCA_046629585.1_mapping_stats.mapping_stats.txt,/hps/nobackup/flicek/ensembl/genebuild/jackt/hprc/hprc2_gb45_production/GCA_046629585.1/GCA_046629585.1_mapping_stats.mapping_stats.txt,378,91.97,411,222,93.67,237,1001,99.8,1003,7,36.84,19,33734,99.41,33935,1743,98.98,1761,2098,99.1,2117,9876,99.42,9934,18479,99.39,18592,4,100,4,49,96.08,475,99.58,477,51,8,100,8,5,100,5,1,100,1,48,100,48,1809,99.07,1826,894,99.78,896,250,100,250,3334,97.63,3415,4,100,4